supplier_id,month,year,price_per_unit
1,1,2013,1.98
1,2,2013,2.93
1,3,2013,3.69
1,4,2013,3.64
1,5,2013,3.6
1,6,2013,3.78
1,7,2013,3.82
1,8,2013,4.06
1,9,2013,4.15
1,10,2013,3.61
1,11,2013,4.48
1,12,2013,4.71
1,1,2014,4.51
1,2,2014,4.33
1,3,2014,4.49
1,4,2014,3.75
1,5,2014,4.03
1,6,2014,4.43
1,7,2014,4.45
1,8,2014,4.62
1,9,2014,4.83
1,10,2014,5.06
1,11,2014,4.94
1,12,2014,4.82
1,1,2015,3.75
1,2,2015,4.49
1,3,2015,4.12
1,4,2015,3.87
1,5,2015,4.39
1,6,2015,4.06
1,7,2015,5.14
1,8,2015,5.04
1,9,2015,4.39
1,10,2015,4.93
1,11,2015,4.06
1,12,2015,3.88
1,1,2016,3.92
1,2,2016,4.51
1,3,2016,4.55
1,4,2016,3.73
1,5,2016,3.85
1,6,2016,4.4
1,7,2016,4.3
1,8,2016,5.41
1,9,2016,5.99
1,10,2016,5.47
1,11,2016,5.51
1,12,2016,5.25
1,1,2017,5.38
1,2,2017,4.81
1,3,2017,4.64
1,4,2017,5.49
1,5,2017,5.22
1,6,2017,5.79
1,7,2017,6.57
1,8,2017,6.65
1,9,2017,6.71
1,10,2017,6.65
1,11,2017,5.82
1,12,2017,6.3
1,1,2018,5.63
1,2,2018,5.91
1,3,2018,5.7
1,4,2018,5.81
1,5,2018,5.91
1,6,2018,6.56
1,7,2018,7.2
1,8,2018,6.77
1,9,2018,6.79
1,10,2018,6.91
1,11,2018,6.43
1,12,2018,6.48
1,1,2019,6.34
1,2,2019,6.01
1,3,2019,6.52
1,4,2019,6.42
1,5,2019,6.25
1,6,2019,6.5
1,7,2019,7.3
1,8,2019,6.83
1,9,2019,7.2
1,10,2019,6.82
1,11,2019,6.62
1,12,2019,6.42
1,1,2020,6.32
1,2,2020,6.0
1,3,2020,7.68
1,4,2020,7.86
1,5,2020,8.63
1,6,2020,8.26
1,7,2020,8.68
1,8,2020,8.23
1,9,2020,9.11
1,10,2020,8.68
1,11,2020,8.85
1,12,2020,9.03
1,1,2021,9.2
1,2,2021,8.53
1,3,2021,9.08
1,4,2021,9.11
1,5,2021,8.68
1,6,2021,9.48
1,7,2021,9.61
1,8,2021,9.71
1,9,2021,8.92
1,10,2021,9.69
1,11,2021,9.15
1,12,2021,9.12
1,1,2022,9.23
1,2,2022,8.48
1,3,2022,8.44
1,4,2022,9.34
1,5,2022,9.15
1,6,2022,9.14
1,7,2022,9.62
1,8,2022,9.42
1,9,2022,9.4
1,10,2022,9.54
1,11,2022,9.22
1,12,2022,8.84
2,1,2013,2.86
2,2,2013,2.76
2,3,2013,3.4
2,4,2013,3.65
2,5,2013,3.22
2,6,2013,3.45
2,7,2013,2.87
2,8,2013,3.13
2,9,2013,2.69
2,10,2013,3.38
2,11,2013,3.35
2,12,2013,3.81
2,1,2014,3.13
2,2,2014,3.06
2,3,2014,3.26
2,4,2014,3.54
2,5,2014,3.81
2,6,2014,2.91
2,7,2014,2.68
2,8,2014,3.25
2,9,2014,3.87
2,10,2014,4.43
2,11,2014,4.57
2,12,2014,5.14
2,1,2015,3.97
2,2,2015,4.95
2,3,2015,4.65
2,4,2015,5.41
2,5,2015,4.79
2,6,2015,5.0
2,7,2015,4.46
2,8,2015,4.27
2,9,2015,4.36
2,10,2015,4.72
2,11,2015,4.93
2,12,2015,4.79
2,1,2016,4.62
2,2,2016,4.53
2,3,2016,4.97
2,4,2016,4.73
2,5,2016,5.36
2,6,2016,4.9
2,7,2016,4.79
2,8,2016,4.14
2,9,2016,4.53
2,10,2016,4.45
2,11,2016,5.47
2,12,2016,5.33
2,1,2017,4.72
2,2,2017,4.28
2,3,2017,4.35
2,4,2017,4.96
2,5,2017,4.97
2,6,2017,5.16
2,7,2017,5.06
2,8,2017,4.48
2,9,2017,4.78
2,10,2017,4.78
2,11,2017,5.24
2,12,2017,5.03
2,1,2018,4.83
2,2,2018,4.25
2,3,2018,5.04
2,4,2018,5.54
2,5,2018,4.85
2,6,2018,4.64
2,7,2018,4.77
2,8,2018,4.78
2,9,2018,4.81
2,10,2018,4.64
2,11,2018,4.6
2,12,2018,5.46
2,1,2019,4.22
2,2,2019,4.69
2,3,2019,5.03
2,4,2019,5.06
2,5,2019,5.83
2,6,2019,5.2
2,7,2019,4.61
2,8,2019,4.26
2,9,2019,5.12
2,10,2019,5.43
2,11,2019,5.56
2,12,2019,5.19
2,1,2020,4.94
2,2,2020,5.25
2,3,2020,4.71
2,4,2020,5.57
2,5,2020,5.06
2,6,2020,4.83
2,7,2020,4.46
2,8,2020,5.13
2,9,2020,5.12
2,10,2020,4.93
2,11,2020,5.8
2,12,2020,5.52
2,1,2021,4.78
2,2,2021,4.59
2,3,2021,5.11
2,4,2021,5.47
2,5,2021,5.54
2,6,2021,5.69
2,7,2021,5.45
2,8,2021,4.68
2,9,2021,4.59
2,10,2021,5.48
2,11,2021,5.24
2,12,2021,5.91
2,1,2022,5.15
2,2,2022,4.7
2,3,2022,5.05
2,4,2022,5.68
2,5,2022,5.39
2,6,2022,4.95
2,7,2022,5.49
2,8,2022,4.79
2,9,2022,5.06
2,10,2022,5.73
2,11,2022,5.35
2,12,2022,5.65
3,1,2013,4.2
3,2,2013,4.15
3,3,2013,4.18
3,4,2013,4.7
3,5,2013,4.57
3,6,2013,4.83
3,7,2013,4.66
3,8,2013,3.85
3,9,2013,3.95
3,10,2013,4.19
3,11,2013,3.9
3,12,2013,4.21
3,1,2014,5.02
3,2,2014,5.06
3,3,2014,4.84
3,4,2014,4.86
3,5,2014,4.86
3,6,2014,4.69
3,7,2014,3.98
3,8,2014,3.98
3,9,2014,4.2
3,10,2014,4.17
3,11,2014,4.21
3,12,2014,3.97
3,1,2015,4.55
3,2,2015,5.02
3,3,2015,4.45
3,4,2015,4.57
3,5,2015,4.21
3,6,2015,4.83
3,7,2015,4.44
3,8,2015,4.12
3,9,2015,4.24
3,10,2015,3.79
3,11,2015,3.86
3,12,2015,3.69
3,1,2016,5.08
3,2,2016,4.7
3,3,2016,5.01
3,4,2016,5.74
3,5,2016,5.94
3,6,2016,6.03
3,7,2016,5.46
3,8,2016,5.99
3,9,2016,5.98
3,10,2016,6.05
3,11,2016,5.3
3,12,2016,5.8
3,1,2017,5.98
3,2,2017,6.29
3,3,2017,6.16
3,4,2017,5.55
3,5,2017,5.44
3,6,2017,5.99
3,7,2017,5.47
3,8,2017,5.68
3,9,2017,6.04
3,10,2017,5.09
3,11,2017,5.59
3,12,2017,5.01
3,1,2018,6.41
3,2,2018,5.93
3,3,2018,6.19
3,4,2018,5.63
3,5,2018,6.14
3,6,2018,5.89
3,7,2018,5.63
3,8,2018,5.43
3,9,2018,5.61
3,10,2018,5.22
3,11,2018,5.59
3,12,2018,5.31
3,1,2019,5.72
3,2,2019,5.56
3,3,2019,6.26
3,4,2019,5.56
3,5,2019,6.25
3,6,2019,6.22
3,7,2019,5.72
3,8,2019,5.93
3,9,2019,5.49
3,10,2019,5.45
3,11,2019,5.09
3,12,2019,5.03
3,1,2020,5.81
3,2,2020,6.25
3,3,2020,6.69
3,4,2020,6.1
3,5,2020,6.41
3,6,2020,5.74
3,7,2020,6.48
3,8,2020,5.53
3,9,2020,6.8
3,10,2020,6.98
3,11,2020,6.48
3,12,2020,6.57
3,1,2021,6.83
3,2,2021,7.06
3,3,2021,6.64
3,4,2021,7.0
3,5,2021,7.01
3,6,2021,6.82
3,7,2021,6.93
3,8,2021,6.6
3,9,2021,6.52
3,10,2021,6.19
3,11,2021,6.2
3,12,2021,6.7
3,1,2022,7.61
3,2,2022,7.53
3,3,2022,6.98
3,4,2022,7.42
3,5,2022,6.94
3,6,2022,6.8
3,7,2022,7.25
3,8,2022,7.19
3,9,2022,6.28
3,10,2022,6.4
3,11,2022,6.68
3,12,2022,6.97
4,1,2013,3.19
4,2,2013,3.33
4,3,2013,2.83
4,4,2013,3.21
4,5,2013,3.51
4,6,2013,3.09
4,7,2013,3.27
4,8,2013,3.62
4,9,2013,3.4
4,10,2013,3.12
4,11,2013,3.49
4,12,2013,2.79
4,1,2014,3.89
4,2,2014,3.49
4,3,2014,2.89
4,4,2014,2.76
4,5,2014,3.04
4,6,2014,3.55
4,7,2014,3.04
4,8,2014,3.15
4,9,2014,3.43
4,10,2014,3.42
4,11,2014,2.96
4,12,2014,3.34
4,1,2015,3.39
4,2,2015,3.96
4,3,2015,4.01
4,4,2015,3.18
4,5,2015,3.7
4,6,2015,3.64
4,7,2015,3.93
4,8,2015,3.68
4,9,2015,4.96
4,10,2015,4.33
4,11,2015,4.55
4,12,2015,4.12
4,1,2016,4.63
4,2,2016,4.13
4,3,2016,4.69
4,4,2016,3.94
4,5,2016,4.01
4,6,2016,4.19
4,7,2016,4.14
4,8,2016,4.64
4,9,2016,4.92
4,10,2016,4.79
4,11,2016,3.66
4,12,2016,4.07
4,1,2017,4.39
4,2,2017,4.86
4,3,2017,4.37
4,4,2017,4.05
4,5,2017,4.51
4,6,2017,3.94
4,7,2017,4.16
4,8,2017,4.95
4,9,2017,4.34
4,10,2017,4.8
4,11,2017,4.02
4,12,2017,3.65
4,1,2018,5.09
4,2,2018,4.17
4,3,2018,3.78
4,4,2018,4.28
4,5,2018,4.18
4,6,2018,3.75
4,7,2018,4.94
4,8,2018,4.39
4,9,2018,4.33
4,10,2018,3.9
4,11,2018,4.58
4,12,2018,4.42
4,1,2019,5.1
4,2,2019,4.59
4,3,2019,3.76
4,4,2019,3.71
4,5,2019,4.38
4,6,2019,3.79
4,7,2019,4.52
4,8,2019,4.23
4,9,2019,5.05
4,10,2019,3.99
4,11,2019,3.75
4,12,2019,4.43
4,1,2020,6.04
4,2,2020,6.12
4,3,2020,5.24
4,4,2020,5.79
4,5,2020,5.52
4,6,2020,5.78
4,7,2020,6.97
4,8,2020,7.98
4,9,2020,7.26
4,10,2020,7.87
4,11,2020,8.42
4,12,2020,8.04
4,1,2021,8.2
4,2,2021,8.38
4,3,2021,8.3
4,4,2021,8.04
4,5,2021,7.87
4,6,2021,8.34
4,7,2021,8.91
4,8,2021,8.95
4,9,2021,9.04
4,10,2021,7.98
4,11,2021,8.35
4,12,2021,8.16
4,1,2022,9.07
4,2,2022,8.42
4,3,2022,8.57
4,4,2022,8.06
4,5,2022,8.17
4,6,2022,8.16
4,7,2022,8.76
4,8,2022,8.97
4,9,2022,9.04
4,10,2022,8.07
4,11,2022,8.51
4,12,2022,8.38
5,1,2013,4.02
5,2,2013,4.39
5,3,2013,3.56
5,4,2013,3.71
5,5,2013,3.47
5,6,2013,3.69
5,7,2013,3.5
5,8,2013,4.51
5,9,2013,4.46
5,10,2013,4.68
5,11,2013,4.36
5,12,2013,4.06
5,1,2014,4.03
5,2,2014,4.41
5,3,2014,3.6
5,4,2014,3.94
5,5,2014,3.36
5,6,2014,3.38
5,7,2014,3.65
5,8,2014,3.98
5,9,2014,4.16
5,10,2014,4.5
5,11,2014,4.02
5,12,2014,4.63
5,1,2015,4.09
5,2,2015,4.51
5,3,2015,3.42
5,4,2015,3.76
5,5,2015,4.15
5,6,2015,3.79
5,7,2015,4.35
5,8,2015,3.98
5,9,2015,4.37
5,10,2015,5.29
5,11,2015,4.93
5,12,2015,5.34
5,1,2016,5.12
5,2,2016,5.43
5,3,2016,4.87
5,4,2016,4.57
5,5,2016,4.39
5,6,2016,4.92
5,7,2016,5.16
5,8,2016,5.38
5,9,2016,4.86
5,10,2016,5.2
5,11,2016,5.04
5,12,2016,5.09
5,1,2017,5.52
5,2,2017,5.36
5,3,2017,4.55
5,4,2017,4.31
5,5,2017,4.64
5,6,2017,5.13
5,7,2017,4.8
5,8,2017,4.7
5,9,2017,4.92
5,10,2017,5.11
5,11,2017,5.07
5,12,2017,5.44
5,1,2018,5.28
5,2,2018,5.12
5,3,2018,4.51
5,4,2018,4.66
5,5,2018,4.85
5,6,2018,4.74
5,7,2018,5.18
5,8,2018,5.01
5,9,2018,4.92
5,10,2018,5.46
5,11,2018,5.66
5,12,2018,5.22
5,1,2019,5.06
5,2,2019,5.16
5,3,2019,5.07
5,4,2019,4.38
5,5,2019,5.11
5,6,2019,4.84
5,7,2019,4.84
5,8,2019,5.1
5,9,2019,4.86
5,10,2019,5.53
5,11,2019,5.15
5,12,2019,5.76
5,1,2020,5.42
5,2,2020,5.04
5,3,2020,4.73
5,4,2020,5.41
5,5,2020,5.66
5,6,2020,5.92
5,7,2020,5.92
5,8,2020,6.14
5,9,2020,6.62
5,10,2020,6.72
5,11,2020,6.8
5,12,2020,7.93
5,1,2021,7.42
5,2,2021,7.21
5,3,2021,7.43
5,4,2021,7.07
5,5,2021,7.63
5,6,2021,7.78
5,7,2021,7.68
5,8,2021,7.33
5,9,2021,8.21
5,10,2021,8.11
5,11,2021,8.09
5,12,2021,7.96
5,1,2022,8.03
5,2,2022,7.53
5,3,2022,7.35
5,4,2022,7.11
5,5,2022,7.42
5,6,2022,6.93
5,7,2022,7.62
5,8,2022,7.86
5,9,2022,8.19
5,10,2022,8.08
5,11,2022,7.47
5,12,2022,8.2
6,1,2013,4.55
6,2,2013,4.17
6,3,2013,4.67
6,4,2013,4.17
6,5,2013,4.66
6,6,2013,4.23
6,7,2013,4.93
6,8,2013,4.68
6,9,2013,4.92
6,10,2013,5.09
6,11,2013,5.36
6,12,2013,4.73
6,1,2014,4.6
6,2,2014,4.33
6,3,2014,4.59
6,4,2014,4.65
6,5,2014,4.57
6,6,2014,4.74
6,7,2014,4.7
6,8,2014,4.85
6,9,2014,4.83
6,10,2014,5.14
6,11,2014,4.95
6,12,2014,4.97
6,1,2015,4.77
6,2,2015,4.92
6,3,2015,4.8
6,4,2015,4.66
6,5,2015,4.48
6,6,2015,5.01
6,7,2015,4.39
6,8,2015,4.95
6,9,2015,4.89
6,10,2015,5.52
6,11,2015,4.95
6,12,2015,4.75
6,1,2016,4.68
6,2,2016,5.08
6,3,2016,4.15
6,4,2016,4.14
6,5,2016,5.04
6,6,2016,4.27
6,7,2016,4.59
6,8,2016,4.67
6,9,2016,4.58
6,10,2016,4.61
6,11,2016,4.63
6,12,2016,4.82
6,1,2017,4.94
6,2,2017,4.92
6,3,2017,4.76
6,4,2017,4.81
6,5,2017,5.13
6,6,2017,4.87
6,7,2017,4.69
6,8,2017,4.9
6,9,2017,4.89
6,10,2017,4.53
6,11,2017,5.3
6,12,2017,5.08
6,1,2018,4.53
6,2,2018,4.87
6,3,2018,4.59
6,4,2018,4.45
6,5,2018,4.38
6,6,2018,4.81
6,7,2018,4.45
6,8,2018,4.52
6,9,2018,4.68
6,10,2018,5.06
6,11,2018,4.99
6,12,2018,6.06
6,1,2019,5.6
6,2,2019,5.05
6,3,2019,5.01
6,4,2019,5.46
6,5,2019,4.95
6,6,2019,5.38
6,7,2019,5.47
6,8,2019,5.25
6,9,2019,5.78
6,10,2019,6.12
6,11,2019,6.16
6,12,2019,6.03
6,1,2020,6.53
6,2,2020,6.54
6,3,2020,6.48
6,4,2020,6.54
6,5,2020,6.18
6,6,2020,6.66
6,7,2020,6.76
6,8,2020,6.98
6,9,2020,7.05
6,10,2020,7.2
6,11,2020,7.52
6,12,2020,7.3
6,1,2021,7.5
6,2,2021,7.34
6,3,2021,6.75
6,4,2021,6.66
6,5,2021,7.44
6,6,2021,7.15
6,7,2021,7.08
6,8,2021,7.64
6,9,2021,7.11
6,10,2021,7.09
6,11,2021,7.27
6,12,2021,7.11
6,1,2022,6.96
6,2,2022,7.18
6,3,2022,6.75
6,4,2022,7.08
6,5,2022,7.74
6,6,2022,7.78
6,7,2022,7.83
6,8,2022,8.0
6,9,2022,7.97
6,10,2022,8.53
6,11,2022,8.58
6,12,2022,7.98
7,1,2013,2.78
7,2,2013,2.06
7,3,2013,1.58
7,4,2013,2.07
7,5,2013,2.21
7,6,2013,2.72
7,7,2013,3.24
7,8,2013,3.3
7,9,2013,3.25
7,10,2013,2.41
7,11,2013,2.93
7,12,2013,2.71
7,1,2014,1.99
7,2,2014,1.8
7,3,2014,2.02
7,4,2014,2.38
7,5,2014,2.43
7,6,2014,2.56
7,7,2014,3.15
7,8,2014,2.52
7,9,2014,2.74
7,10,2014,2.36
7,11,2014,2.81
7,12,2014,3.23
7,1,2015,3.1
7,2,2015,2.78
7,3,2015,2.73
7,4,2015,2.7
7,5,2015,2.54
7,6,2015,2.71
7,7,2015,3.28
7,8,2015,3.67
7,9,2015,3.76
7,10,2015,3.76
7,11,2015,2.9
7,12,2015,3.3
7,1,2016,2.9
7,2,2016,2.97
7,3,2016,2.48
7,4,2016,2.94
7,5,2016,2.4
7,6,2016,3.31
7,7,2016,3.24
7,8,2016,3.43
7,9,2016,3.13
7,10,2016,3.5
7,11,2016,3.61
7,12,2016,2.86
7,1,2017,3.11
7,2,2017,2.76
7,3,2017,2.63
7,4,2017,2.35
7,5,2017,2.63
7,6,2017,2.65
7,7,2017,3.28
7,8,2017,3.21
7,9,2017,3.16
7,10,2017,3.48
7,11,2017,2.96
7,12,2017,2.95
7,1,2018,2.89
7,2,2018,3.18
7,3,2018,2.24
7,4,2018,2.75
7,5,2018,3.51
7,6,2018,4.07
7,7,2018,4.2
7,8,2018,4.39
7,9,2018,3.96
7,10,2018,4.13
7,11,2018,3.88
7,12,2018,3.37
7,1,2019,4.16
7,2,2019,3.31
7,3,2019,3.58
7,4,2019,3.72
7,5,2019,4.13
7,6,2019,3.67
7,7,2019,4.5
7,8,2019,4.39
7,9,2019,4.26
7,10,2019,3.77
7,11,2019,4.31
7,12,2019,3.91
7,1,2020,3.58
7,2,2020,3.97
7,3,2020,3.44
7,4,2020,3.75
7,5,2020,3.79
7,6,2020,4.56
7,7,2020,4.63
7,8,2020,4.85
7,9,2020,4.48
7,10,2020,4.87
7,11,2020,4.83
7,12,2020,5.33
7,1,2021,5.06
7,2,2021,5.12
7,3,2021,4.93
7,4,2021,5.12
7,5,2021,4.69
7,6,2021,5.2
7,7,2021,5.56
7,8,2021,5.8
7,9,2021,5.3
7,10,2021,5.53
7,11,2021,5.19
7,12,2021,5.01
7,1,2022,4.76
7,2,2022,5.12
7,3,2022,4.39
7,4,2022,4.86
7,5,2022,4.95
7,6,2022,5.27
7,7,2022,5.18
7,8,2022,5.42
7,9,2022,5.75
7,10,2022,4.98
7,11,2022,5.58
7,12,2022,4.95
8,1,2013,4.55
8,2,2013,4.38
8,3,2013,4.39
8,4,2013,4.76
8,5,2013,4.61
8,6,2013,4.42
8,7,2013,4.91
8,8,2013,4.98
8,9,2013,5.09
8,10,2013,5.18
8,11,2013,4.94
8,12,2013,5.01
8,1,2014,5.58
8,2,2014,5.67
8,3,2014,4.73
8,4,2014,4.55
8,5,2014,5.15
8,6,2014,4.96
8,7,2014,5.17
8,8,2014,5.49
8,9,2014,5.37
8,10,2014,5.02
8,11,2014,5.51
8,12,2014,4.39
8,1,2015,4.99
8,2,2015,4.98
8,3,2015,5.42
8,4,2015,5.45
8,5,2015,5.27
8,6,2015,4.63
8,7,2015,4.99
8,8,2015,4.78
8,9,2015,5.35
8,10,2015,5.53
8,11,2015,4.96
8,12,2015,4.74
8,1,2016,5.26
8,2,2016,5.01
8,3,2016,4.93
8,4,2016,4.54
8,5,2016,5.0
8,6,2016,4.77
8,7,2016,4.75
8,8,2016,4.76
8,9,2016,5.57
8,10,2016,5.55
8,11,2016,5.07
8,12,2016,5.09
8,1,2017,5.19
8,2,2017,5.03
8,3,2017,4.77
8,4,2017,5.05
8,5,2017,5.27
8,6,2017,5.3
8,7,2017,4.84
8,8,2017,5.54
8,9,2017,5.59
8,10,2017,5.29
8,11,2017,4.75
8,12,2017,5.13
8,1,2018,5.69
8,2,2018,5.98
8,3,2018,6.44
8,4,2018,5.91
8,5,2018,5.63
8,6,2018,5.49
8,7,2018,6.13
8,8,2018,6.64
8,9,2018,5.82
8,10,2018,5.69
8,11,2018,6.19
8,12,2018,5.98
8,1,2019,6.55
8,2,2019,6.13
8,3,2019,5.77
8,4,2019,5.65
8,5,2019,5.66
8,6,2019,5.93
8,7,2019,5.7
8,8,2019,6.39
8,9,2019,6.42
8,10,2019,6.05
8,11,2019,6.1
8,12,2019,5.88
8,1,2020,5.92
8,2,2020,6.21
8,3,2020,6.41
8,4,2020,6.74
8,5,2020,7.08
8,6,2020,6.74
8,7,2020,6.87
8,8,2020,7.26
8,9,2020,7.12
8,10,2020,6.5
8,11,2020,6.51
8,12,2020,7.11
8,1,2021,7.51
8,2,2021,6.77
8,3,2021,7.03
8,4,2021,6.66
8,5,2021,6.84
8,6,2021,7.09
8,7,2021,7.05
8,8,2021,6.66
8,9,2021,7.19
8,10,2021,6.95
8,11,2021,7.19
8,12,2021,6.28
8,1,2022,7.06
8,2,2022,6.84
8,3,2022,6.71
8,4,2022,7.04
8,5,2022,6.91
8,6,2022,7.09
8,7,2022,7.08
8,8,2022,7.26
8,9,2022,7.26
8,10,2022,7.33
8,11,2022,7.11
8,12,2022,6.31
9,1,2013,2.55
9,2,2013,2.38
9,3,2013,2.55
9,4,2013,3.02
9,5,2013,2.42
9,6,2013,2.67
9,7,2013,1.91
9,8,2013,2.64
9,9,2013,2.08
9,10,2013,2.32
9,11,2013,2.75
9,12,2013,2.34
9,1,2014,2.73
9,2,2014,3.21
9,3,2014,3.14
9,4,2014,2.5
9,5,2014,2.12
9,6,2014,2.36
9,7,2014,2.01
9,8,2014,2.66
9,9,2014,2.32
9,10,2014,2.29
9,11,2014,2.2
9,12,2014,2.69
9,1,2015,3.05
9,2,2015,3.28
9,3,2015,2.42
9,4,2015,2.96
9,5,2015,2.12
9,6,2015,2.07
9,7,2015,2.83
9,8,2015,2.54
9,9,2015,2.61
9,10,2015,1.78
9,11,2015,2.73
9,12,2015,3.17
9,1,2016,3.19
9,2,2016,3.21
9,3,2016,3.5
9,4,2016,3.23
9,5,2016,3.1
9,6,2016,2.8
9,7,2016,2.54
9,8,2016,3.1
9,9,2016,2.27
9,10,2016,2.68
9,11,2016,2.54
9,12,2016,2.6
9,1,2017,3.16
9,2,2017,3.07
9,3,2017,2.83
9,4,2017,2.66
9,5,2017,2.94
9,6,2017,2.85
9,7,2017,2.55
9,8,2017,3.08
9,9,2017,2.58
9,10,2017,2.74
9,11,2017,3.2
9,12,2017,2.4
9,1,2018,4.12
9,2,2018,3.44
9,3,2018,3.11
9,4,2018,3.63
9,5,2018,3.57
9,6,2018,4.18
9,7,2018,3.52
9,8,2018,3.9
9,9,2018,3.41
9,10,2018,3.69
9,11,2018,3.87
9,12,2018,4.18
9,1,2019,4.12
9,2,2019,3.91
9,3,2019,4.54
9,4,2019,3.98
9,5,2019,4.39
9,6,2019,3.57
9,7,2019,3.76
9,8,2019,3.55
9,9,2019,3.42
9,10,2019,3.78
9,11,2019,3.69
9,12,2019,3.96
9,1,2020,5.19
9,2,2020,5.37
9,3,2020,5.31
9,4,2020,5.54
9,5,2020,5.46
9,6,2020,5.16
9,7,2020,6.28
9,8,2020,5.47
9,9,2020,6.24
9,10,2020,6.47
9,11,2020,6.48
9,12,2020,7.18
9,1,2021,7.67
9,2,2021,7.23
9,3,2021,7.75
9,4,2021,7.0
9,5,2021,7.21
9,6,2021,6.94
9,7,2021,6.73
9,8,2021,7.06
9,9,2021,7.03
9,10,2021,7.42
9,11,2021,6.61
9,12,2021,6.89
9,1,2022,8.04
9,2,2022,7.83
9,3,2022,7.9
9,4,2022,7.48
9,5,2022,7.55
9,6,2022,6.9
9,7,2022,7.06
9,8,2022,6.82
9,9,2022,7.29
9,10,2022,6.98
9,11,2022,6.67
9,12,2022,6.67
10,1,2013,5.05
10,2,2013,4.69
10,3,2013,4.95
10,4,2013,5.14
10,5,2013,4.7
10,6,2013,4.56
10,7,2013,4.96
10,8,2013,4.13
10,9,2013,4.38
10,10,2013,4.62
10,11,2013,4.45
10,12,2013,4.27
10,1,2014,5.08
10,2,2014,5.07
10,3,2014,5.08
10,4,2014,4.91
10,5,2014,5.21
10,6,2014,5.03
10,7,2014,4.37
10,8,2014,4.97
10,9,2014,4.13
10,10,2014,4.97
10,11,2014,4.91
10,12,2014,5.05
10,1,2015,5.24
10,2,2015,5.42
10,3,2015,5.0
10,4,2015,4.84
10,5,2015,5.18
10,6,2015,5.02
10,7,2015,4.52
10,8,2015,4.89
10,9,2015,4.82
10,10,2015,4.8
10,11,2015,4.56
10,12,2015,4.52
10,1,2016,5.6
10,2,2016,5.26
10,3,2016,5.31
10,4,2016,5.42
10,5,2016,4.75
10,6,2016,4.59
10,7,2016,5.01
10,8,2016,5.1
10,9,2016,5.47
10,10,2016,5.58
10,11,2016,5.57
10,12,2016,5.65
10,1,2017,6.36
10,2,2017,6.26
10,3,2017,6.21
10,4,2017,6.57
10,5,2017,6.37
10,6,2017,6.28
10,7,2017,5.8
10,8,2017,5.93
10,9,2017,5.86
10,10,2017,5.71
10,11,2017,5.86
10,12,2017,5.6
10,1,2018,6.75
10,2,2018,6.25
10,3,2018,6.57
10,4,2018,6.6
10,5,2018,6.31
10,6,2018,5.78
10,7,2018,5.65
10,8,2018,5.17
10,9,2018,5.89
10,10,2018,5.45
10,11,2018,5.96
10,12,2018,5.95
10,1,2019,6.22
10,2,2019,6.31
10,3,2019,6.47
10,4,2019,5.87
10,5,2019,6.28
10,6,2019,5.87
10,7,2019,5.53
10,8,2019,5.68
10,9,2019,5.2
10,10,2019,5.51
10,11,2019,6.0
10,12,2019,5.58
10,1,2020,6.68
10,2,2020,6.65
10,3,2020,6.09
10,4,2020,6.26
10,5,2020,6.29
10,6,2020,6.12
10,7,2020,6.53
10,8,2020,5.99
10,9,2020,5.78
10,10,2020,6.75
10,11,2020,7.33
10,12,2020,8.11
10,1,2021,8.68
10,2,2021,8.43
10,3,2021,8.3
10,4,2021,7.92
10,5,2021,7.82
10,6,2021,8.19
10,7,2021,7.97
10,8,2021,7.59
10,9,2021,7.25
10,10,2021,7.62
10,11,2021,7.25
10,12,2021,7.41
10,1,2022,7.84
10,2,2022,7.96
10,3,2022,8.11
10,4,2022,8.07
10,5,2022,8.32
10,6,2022,7.84
10,7,2022,8.17
10,8,2022,7.14
10,9,2022,8.0
10,10,2022,7.45
10,11,2022,7.44
10,12,2022,7.49
11,1,2013,4.92
11,2,2013,4.72
11,3,2013,4.97
11,4,2013,4.42
11,5,2013,4.46
11,6,2013,4.39
11,7,2013,4.2
11,8,2013,4.68
11,9,2013,4.85
11,10,2013,4.83
11,11,2013,5.34
11,12,2013,4.37
11,1,2014,5.35
11,2,2014,4.54
11,3,2014,5.3
11,4,2014,4.57
11,5,2014,4.84
11,6,2014,4.59
11,7,2014,4.57
11,8,2014,4.38
11,9,2014,4.54
11,10,2014,4.5
11,11,2014,6.09
11,12,2014,5.4
11,1,2015,5.83
11,2,2015,5.64
11,3,2015,5.78
11,4,2015,5.37
11,5,2015,6.07
11,6,2015,5.76
11,7,2015,5.5
11,8,2015,5.54
11,9,2015,6.21
11,10,2015,6.44
11,11,2015,5.87
11,12,2015,6.14
11,1,2016,6.23
11,2,2016,6.42
11,3,2016,5.84
11,4,2016,6.08
11,5,2016,6.08
11,6,2016,5.68
11,7,2016,5.84
11,8,2016,6.1
11,9,2016,6.16
11,10,2016,6.38
11,11,2016,6.57
11,12,2016,6.3
11,1,2017,6.14
11,2,2017,6.76
11,3,2017,6.72
11,4,2017,6.5
11,5,2017,6.56
11,6,2017,6.73
11,7,2017,7.01
11,8,2017,6.96
11,9,2017,7.19
11,10,2017,6.72
11,11,2017,7.09
11,12,2017,6.9
11,1,2018,7.26
11,2,2018,7.5
11,3,2018,7.11
11,4,2018,6.35
11,5,2018,6.22
11,6,2018,6.0
11,7,2018,6.93
11,8,2018,7.08
11,9,2018,6.62
11,10,2018,7.43
11,11,2018,6.77
11,12,2018,6.67
11,1,2019,6.74
11,2,2019,7.16
11,3,2019,6.59
11,4,2019,6.92
11,5,2019,6.67
11,6,2019,6.73
11,7,2019,6.82
11,8,2019,6.62
11,9,2019,6.85
11,10,2019,7.28
11,11,2019,6.98
11,12,2019,6.83
11,1,2020,7.34
11,2,2020,6.7
11,3,2020,6.64
11,4,2020,7.87
11,5,2020,7.29
11,6,2020,7.21
11,7,2020,7.3
11,8,2020,7.98
11,9,2020,7.92
11,10,2020,7.54
11,11,2020,8.54
11,12,2020,8.42
11,1,2021,8.03
11,2,2021,8.32
11,3,2021,8.27
11,4,2021,7.86
11,5,2021,7.54
11,6,2021,7.98
11,7,2021,8.24
11,8,2021,8.43
11,9,2021,8.21
11,10,2021,7.84
11,11,2021,7.91
11,12,2021,8.42
11,1,2022,8.32
11,2,2022,8.52
11,3,2022,7.96
11,4,2022,8.15
11,5,2022,7.54
11,6,2022,7.29
11,7,2022,7.99
11,8,2022,8.12
11,9,2022,7.81
11,10,2022,8.58
11,11,2022,8.42
11,12,2022,8.49
12,1,2013,4.37
12,2,2013,4.53
12,3,2013,4.53
12,4,2013,4.39
12,5,2013,5.2
12,6,2013,5.19
12,7,2013,4.87
12,8,2013,5.11
12,9,2013,4.85
12,10,2013,4.2
12,11,2013,4.82
12,12,2013,4.37
12,1,2014,4.92
12,2,2014,4.52
12,3,2014,4.98
12,4,2014,5.88
12,5,2014,5.78
12,6,2014,5.49
12,7,2014,5.65
12,8,2014,5.22
12,9,2014,5.27
12,10,2014,5.28
12,11,2014,4.94
12,12,2014,4.92
12,1,2015,5.73
12,2,2015,5.29
12,3,2015,5.44
12,4,2015,5.69
12,5,2015,5.42
12,6,2015,5.43
12,7,2015,5.9
12,8,2015,5.41
12,9,2015,5.73
12,10,2015,5.22
12,11,2015,5.22
12,12,2015,4.95
12,1,2016,5.45
12,2,2016,4.97
12,3,2016,5.36
12,4,2016,5.38
12,5,2016,5.36
12,6,2016,5.38
12,7,2016,5.41
12,8,2016,5.1
12,9,2016,5.55
12,10,2016,5.65
12,11,2016,4.97
12,12,2016,5.1
12,1,2017,5.28
12,2,2017,5.79
12,3,2017,5.41
12,4,2017,6.43
12,5,2017,5.96
12,6,2017,6.41
12,7,2017,6.66
12,8,2017,6.35
12,9,2017,6.56
12,10,2017,6.17
12,11,2017,6.31
12,12,2017,5.54
12,1,2018,5.78
12,2,2018,6.23
12,3,2018,6.08
12,4,2018,6.16
12,5,2018,6.13
12,6,2018,6.55
12,7,2018,6.42
12,8,2018,6.06
12,9,2018,5.95
12,10,2018,5.74
12,11,2018,5.81
12,12,2018,6.22
12,1,2019,5.66
12,2,2019,6.13
12,3,2019,6.1
12,4,2019,6.6
12,5,2019,6.51
12,6,2019,6.07
12,7,2019,5.7
12,8,2019,5.91
12,9,2019,6.26
12,10,2019,5.88
12,11,2019,5.67
12,12,2019,6.0
12,1,2020,6.76
12,2,2020,7.06
12,3,2020,7.72
12,4,2020,7.71
12,5,2020,6.98
12,6,2020,8.5
12,7,2020,7.85
12,8,2020,8.32
12,9,2020,8.75
12,10,2020,8.25
12,11,2020,8.37
12,12,2020,8.13
12,1,2021,8.95
12,2,2021,8.65
12,3,2021,8.31
12,4,2021,8.69
12,5,2021,8.86
12,6,2021,8.63
12,7,2021,8.23
12,8,2021,9.05
12,9,2021,8.45
12,10,2021,8.44
12,11,2021,8.19
12,12,2021,8.22
12,1,2022,8.77
12,2,2022,8.99
12,3,2022,8.75
12,4,2022,9.43
12,5,2022,9.33
12,6,2022,9.16
12,7,2022,9.06
12,8,2022,8.88
12,9,2022,9.2
12,10,2022,8.91
12,11,2022,9.48
12,12,2022,9.46
13,1,2013,2.86
13,2,2013,3.67
13,3,2013,2.73
13,4,2013,2.85
13,5,2013,2.04
13,6,2013,2.32
13,7,2013,2.7
13,8,2013,3.12
13,9,2013,3.65
13,10,2013,2.69
13,11,2013,2.32
13,12,2013,1.96
13,1,2014,4.15
13,2,2014,4.29
13,3,2014,5.03
13,4,2014,4.48
13,5,2014,4.54
13,6,2014,3.81
13,7,2014,4.99
13,8,2014,4.49
13,9,2014,4.61
13,10,2014,4.95
13,11,2014,4.22
13,12,2014,4.56
13,1,2015,4.23
13,2,2015,5.05
13,3,2015,5.4
13,4,2015,5.03
13,5,2015,4.18
13,6,2015,4.3
13,7,2015,4.17
13,8,2015,4.74
13,9,2015,5.09
13,10,2015,4.29
13,11,2015,4.07
13,12,2015,4.09
13,1,2016,4.51
13,2,2016,5.08
13,3,2016,4.52
13,4,2016,4.75
13,5,2016,3.92
13,6,2016,4.56
13,7,2016,4.24
13,8,2016,6.11
13,9,2016,6.19
13,10,2016,5.77
13,11,2016,5.43
13,12,2016,5.04
13,1,2017,5.91
13,2,2017,5.75
13,3,2017,5.64
13,4,2017,5.37
13,5,2017,5.95
13,6,2017,6.28
13,7,2017,6.72
13,8,2017,7.05
13,9,2017,6.66
13,10,2017,6.47
13,11,2017,5.81
13,12,2017,5.56
13,1,2018,6.17
13,2,2018,7.13
13,3,2018,7.07
13,4,2018,5.92
13,5,2018,5.82
13,6,2018,5.94
13,7,2018,6.41
13,8,2018,7.01
13,9,2018,6.44
13,10,2018,6.07
13,11,2018,5.77
13,12,2018,6.08
13,1,2019,6.89
13,2,2019,6.62
13,3,2019,6.95
13,4,2019,6.48
13,5,2019,6.09
13,6,2019,6.43
13,7,2019,6.67
13,8,2019,6.52
13,9,2019,7.2
13,10,2019,6.26
13,11,2019,6.3
13,12,2019,5.61
13,1,2020,6.14
13,2,2020,6.29
13,3,2020,7.38
13,4,2020,7.56
13,5,2020,6.85
13,6,2020,7.41
13,7,2020,7.24
13,8,2020,8.23
13,9,2020,8.0
13,10,2020,7.71
13,11,2020,7.75
13,12,2020,7.39
13,1,2021,7.78
13,2,2021,8.63
13,3,2021,8.07
13,4,2021,8.0
13,5,2021,7.3
13,6,2021,7.29
13,7,2021,7.79
13,8,2021,7.87
13,9,2021,7.91
13,10,2021,7.36
13,11,2021,7.49
13,12,2021,7.81
13,1,2022,7.68
13,2,2022,8.59
13,3,2022,8.12
13,4,2022,7.24
13,5,2022,7.59
13,6,2022,7.25
13,7,2022,7.63
13,8,2022,8.23
13,9,2022,8.0
13,10,2022,8.02
13,11,2022,7.16
13,12,2022,7.52
14,1,2013,2.43
14,2,2013,2.51
14,3,2013,2.7
14,4,2013,2.34
14,5,2013,3.06
14,6,2013,2.89
14,7,2013,2.67
14,8,2013,2.81
14,9,2013,3.17
14,10,2013,2.46
14,11,2013,2.68
14,12,2013,3.02
14,1,2014,3.71
14,2,2014,3.15
14,3,2014,3.24
14,4,2014,3.4
14,5,2014,2.94
14,6,2014,3.49
14,7,2014,3.77
14,8,2014,3.01
14,9,2014,3.5
14,10,2014,3.13
14,11,2014,3.38
14,12,2014,4.18
14,1,2015,3.67
14,2,2015,3.86
14,3,2015,3.99
14,4,2015,3.47
14,5,2015,3.56
14,6,2015,3.51
14,7,2015,3.85
14,8,2015,3.45
14,9,2015,3.94
14,10,2015,3.91
14,11,2015,3.98
14,12,2015,4.14
14,1,2016,3.85
14,2,2016,3.46
14,3,2016,3.6
14,4,2016,3.49
14,5,2016,4.25
14,6,2016,3.95
14,7,2016,4.1
14,8,2016,4.38
14,9,2016,4.17
14,10,2016,3.55
14,11,2016,4.07
14,12,2016,3.51
14,1,2017,3.69
14,2,2017,3.61
14,3,2017,3.54
14,4,2017,3.45
14,5,2017,3.45
14,6,2017,3.7
14,7,2017,4.48
14,8,2017,3.82
14,9,2017,3.33
14,10,2017,4.49
14,11,2017,4.02
14,12,2017,3.76
14,1,2018,4.17
14,2,2018,4.53
14,3,2018,4.33
14,4,2018,4.22
14,5,2018,4.04
14,6,2018,4.41
14,7,2018,4.42
14,8,2018,4.13
14,9,2018,3.84
14,10,2018,3.99
14,11,2018,4.05
14,12,2018,3.97
14,1,2019,4.1
14,2,2019,4.4
14,3,2019,4.24
14,4,2019,3.57
14,5,2019,4.62
14,6,2019,4.91
14,7,2019,4.4
14,8,2019,4.75
14,9,2019,4.18
14,10,2019,3.78
14,11,2019,4.47
14,12,2019,3.89
14,1,2020,4.66
14,2,2020,4.53
14,3,2020,4.55
14,4,2020,4.65
14,5,2020,5.16
14,6,2020,5.53
14,7,2020,5.89
14,8,2020,5.51
14,9,2020,4.64
14,10,2020,5.11
14,11,2020,4.89
14,12,2020,4.97
14,1,2021,5.7
14,2,2021,4.95
14,3,2021,5.36
14,4,2021,5.07
14,5,2021,5.59
14,6,2021,5.53
14,7,2021,5.91
14,8,2021,5.44
14,9,2021,5.12
14,10,2021,5.95
14,11,2021,5.74
14,12,2021,6.02
14,1,2022,5.39
14,2,2022,5.95
14,3,2022,5.82
14,4,2022,6.19
14,5,2022,6.56
14,6,2022,6.7
14,7,2022,8.05
14,8,2022,7.72
14,9,2022,7.3
14,10,2022,7.36
14,11,2022,7.6
14,12,2022,7.08
15,1,2013,3.3
15,2,2013,2.83
15,3,2013,3.48
15,4,2013,2.96
15,5,2013,2.4
15,6,2013,2.1
15,7,2013,3.16
15,8,2013,2.58
15,9,2013,2.55
15,10,2013,3.02
15,11,2013,2.9
15,12,2013,2.67
15,1,2014,3.47
15,2,2014,3.26
15,3,2014,3.17
15,4,2014,3.35
15,5,2014,2.99
15,6,2014,2.44
15,7,2014,2.89
15,8,2014,3.51
15,9,2014,4.02
15,10,2014,3.77
15,11,2014,4.12
15,12,2014,3.74
15,1,2015,3.71
15,2,2015,3.89
15,3,2015,3.45
15,4,2015,3.83
15,5,2015,3.63
15,6,2015,3.58
15,7,2015,3.77
15,8,2015,3.49
15,9,2015,3.36
15,10,2015,3.68
15,11,2015,3.97
15,12,2015,3.79
15,1,2016,3.38
15,2,2016,3.84
15,3,2016,3.5
15,4,2016,3.48
15,5,2016,3.27
15,6,2016,3.68
15,7,2016,3.41
15,8,2016,3.6
15,9,2016,4.19
15,10,2016,4.05
15,11,2016,4.25
15,12,2016,3.25
15,1,2017,4.98
15,2,2017,4.54
15,3,2017,4.46
15,4,2017,4.42
15,5,2017,3.88
15,6,2017,4.62
15,7,2017,4.3
15,8,2017,4.1
15,9,2017,4.56
15,10,2017,4.66
15,11,2017,5.17
15,12,2017,5.0
15,1,2018,4.6
15,2,2018,4.35
15,3,2018,5.1
15,4,2018,4.33
15,5,2018,4.68
15,6,2018,4.57
15,7,2018,4.75
15,8,2018,4.43
15,9,2018,4.58
15,10,2018,4.96
15,11,2018,4.57
15,12,2018,4.74
15,1,2019,5.08
15,2,2019,5.07
15,3,2019,4.76
15,4,2019,4.1
15,5,2019,4.71
15,6,2019,4.24
15,7,2019,4.69
15,8,2019,4.24
15,9,2019,5.04
15,10,2019,5.01
15,11,2019,4.61
15,12,2019,4.87
15,1,2020,4.73
15,2,2020,4.47
15,3,2020,5.09
15,4,2020,5.26
15,5,2020,5.18
15,6,2020,4.78
15,7,2020,4.43
15,8,2020,5.1
15,9,2020,5.87
15,10,2020,5.78
15,11,2020,6.24
15,12,2020,5.66
15,1,2021,6.25
15,2,2021,5.58
15,3,2021,5.46
15,4,2021,5.42
15,5,2021,5.56
15,6,2021,5.09
15,7,2021,5.49
15,8,2021,5.0
15,9,2021,5.1
15,10,2021,6.01
15,11,2021,5.55
15,12,2021,5.75
15,1,2022,5.75
15,2,2022,5.83
15,3,2022,4.98
15,4,2022,5.76
15,5,2022,4.7
15,6,2022,5.4
15,7,2022,5.9
15,8,2022,6.62
15,9,2022,6.43
15,10,2022,6.82
15,11,2022,7.05
15,12,2022,6.85
16,1,2013,3.48
16,2,2013,3.01
16,3,2013,4.1
16,4,2013,4.02
16,5,2013,3.78
16,6,2013,3.62
16,7,2013,3.14
16,8,2013,3.2
16,9,2013,3.91
16,10,2013,3.8
16,11,2013,3.28
16,12,2013,3.73
16,1,2014,3.55
16,2,2014,3.76
16,3,2014,4.16
16,4,2014,3.29
16,5,2014,3.76
16,6,2014,3.11
16,7,2014,2.84
16,8,2014,3.1
16,9,2014,3.14
16,10,2014,3.78
16,11,2014,3.45
16,12,2014,3.16
16,1,2015,2.71
16,2,2015,3.86
16,3,2015,3.84
16,4,2015,3.35
16,5,2015,3.49
16,6,2015,3.24
16,7,2015,3.06
16,8,2015,3.69
16,9,2015,3.76
16,10,2015,4.08
16,11,2015,3.91
16,12,2015,3.46
16,1,2016,3.65
16,2,2016,3.47
16,3,2016,3.45
16,4,2016,3.55
16,5,2016,3.19
16,6,2016,3.61
16,7,2016,3.59
16,8,2016,3.7
16,9,2016,3.31
16,10,2016,3.66
16,11,2016,3.6
16,12,2016,3.06
16,1,2017,3.03
16,2,2017,3.4
16,3,2017,3.47
16,4,2017,3.94
16,5,2017,3.84
16,6,2017,2.94
16,7,2017,3.48
16,8,2017,4.18
16,9,2017,4.13
16,10,2017,4.32
16,11,2017,4.9
16,12,2017,3.82
16,1,2018,3.93
16,2,2018,4.58
16,3,2018,4.61
16,4,2018,4.53
16,5,2018,4.75
16,6,2018,3.85
16,7,2018,3.68
16,8,2018,4.09
16,9,2018,4.3
16,10,2018,4.36
16,11,2018,4.21
16,12,2018,4.17
16,1,2019,4.6
16,2,2019,4.79
16,3,2019,4.77
16,4,2019,4.94
16,5,2019,4.5
16,6,2019,4.33
16,7,2019,4.28
16,8,2019,4.01
16,9,2019,4.47
16,10,2019,4.88
16,11,2019,5.22
16,12,2019,4.67
16,1,2020,4.52
16,2,2020,4.95
16,3,2020,5.84
16,4,2020,5.86
16,5,2020,4.96
16,6,2020,4.38
16,7,2020,4.54
16,8,2020,4.55
16,9,2020,5.52
16,10,2020,4.89
16,11,2020,5.48
16,12,2020,6.26
16,1,2021,6.07
16,2,2021,6.14
16,3,2021,6.4
16,4,2021,6.65
16,5,2021,6.23
16,6,2021,5.94
16,7,2021,6.31
16,8,2021,6.82
16,9,2021,6.29
16,10,2021,6.35
16,11,2021,7.05
16,12,2021,5.88
16,1,2022,6.06
16,2,2022,6.79
16,3,2022,6.73
16,4,2022,7.13
16,5,2022,6.36
16,6,2022,6.14
16,7,2022,6.03
16,8,2022,5.87
16,9,2022,7.04
16,10,2022,6.98
16,11,2022,6.85
16,12,2022,5.99
17,1,2013,2.76
17,2,2013,2.85
17,3,2013,2.17
17,4,2013,2.47
17,5,2013,2.21
17,6,2013,2.17
17,7,2013,3.17
17,8,2013,3.19
17,9,2013,2.63
17,10,2013,3.27
17,11,2013,3.62
17,12,2013,3.0
17,1,2014,2.35
17,2,2014,2.61
17,3,2014,3.08
17,4,2014,2.78
17,5,2014,3.08
17,6,2014,2.48
17,7,2014,3.3
17,8,2014,3.38
17,9,2014,2.75
17,10,2014,2.91
17,11,2014,3.2
17,12,2014,3.26
17,1,2015,3.17
17,2,2015,3.24
17,3,2015,2.32
17,4,2015,2.67
17,5,2015,2.67
17,6,2015,2.93
17,7,2015,3.58
17,8,2015,2.99
17,9,2015,3.2
17,10,2015,3.27
17,11,2015,3.95
17,12,2015,3.9
17,1,2016,2.79
17,2,2016,2.74
17,3,2016,3.29
17,4,2016,2.86
17,5,2016,3.32
17,6,2016,3.0
17,7,2016,3.61
17,8,2016,3.65
17,9,2016,3.31
17,10,2016,3.35
17,11,2016,3.63
17,12,2016,3.97
17,1,2017,3.06
17,2,2017,2.9
17,3,2017,2.74
17,4,2017,3.02
17,5,2017,3.51
17,6,2017,3.45
17,7,2017,4.23
17,8,2017,3.6
17,9,2017,3.96
17,10,2017,4.29
17,11,2017,4.11
17,12,2017,4.98
17,1,2018,4.38
17,2,2018,4.12
17,3,2018,3.99
17,4,2018,4.02
17,5,2018,3.95
17,6,2018,4.2
17,7,2018,3.72
17,8,2018,3.61
17,9,2018,3.9
17,10,2018,4.0
17,11,2018,4.11
17,12,2018,4.1
17,1,2019,4.75
17,2,2019,4.61
17,3,2019,5.1
17,4,2019,4.82
17,5,2019,4.96
17,6,2019,4.86
17,7,2019,5.71
17,8,2019,5.8
17,9,2019,6.22
17,10,2019,6.65
17,11,2019,6.83
17,12,2019,6.67
17,1,2020,6.37
17,2,2020,5.92
17,3,2020,5.78
17,4,2020,6.38
17,5,2020,5.52
17,6,2020,5.72
17,7,2020,6.24
17,8,2020,6.34
17,9,2020,7.1
17,10,2020,7.43
17,11,2020,7.58
17,12,2020,7.92
17,1,2021,7.01
17,2,2021,8.21
17,3,2021,7.9
17,4,2021,8.11
17,5,2021,8.36
17,6,2021,8.47
17,7,2021,7.91
17,8,2021,8.0
17,9,2021,8.64
17,10,2021,8.53
17,11,2021,8.91
17,12,2021,8.2
17,1,2022,7.61
17,2,2022,7.58
17,3,2022,8.21
17,4,2022,8.26
17,5,2022,8.78
17,6,2022,8.0
17,7,2022,8.5
17,8,2022,9.0
17,9,2022,8.62
17,10,2022,8.92
17,11,2022,8.6
17,12,2022,8.87
18,1,2013,2.34
18,2,2013,2.58
18,3,2013,2.89
18,4,2013,2.73
18,5,2013,2.09
18,6,2013,1.61
18,7,2013,2.24
18,8,2013,1.87
18,9,2013,2.14
18,10,2013,1.78
18,11,2013,2.78
18,12,2013,2.98
18,1,2014,2.14
18,2,2014,2.72
18,3,2014,2.82
18,4,2014,2.24
18,5,2014,1.88
18,6,2014,2.37
18,7,2014,1.98
18,8,2014,1.84
18,9,2014,1.96
18,10,2014,1.77
18,11,2014,2.4
18,12,2014,2.94
18,1,2015,2.52
18,2,2015,2.79
18,3,2015,2.02
18,4,2015,2.63
18,5,2015,2.03
18,6,2015,2.48
18,7,2015,1.84
18,8,2015,1.72
18,9,2015,1.69
18,10,2015,1.75
18,11,2015,2.02
18,12,2015,2.77
18,1,2016,2.14
18,2,2016,2.57
18,3,2016,2.6
18,4,2016,2.73
18,5,2016,2.78
18,6,2016,1.87
18,7,2016,2.34
18,8,2016,1.64
18,9,2016,2.09
18,10,2016,2.74
18,11,2016,3.64
18,12,2016,3.45
18,1,2017,2.94
18,2,2017,3.6
18,3,2017,3.41
18,4,2017,4.33
18,5,2017,3.93
18,6,2017,3.34
18,7,2017,3.67
18,8,2017,2.8
18,9,2017,3.47
18,10,2017,3.57
18,11,2017,4.02
18,12,2017,3.65
18,1,2018,3.07
18,2,2018,3.91
18,3,2018,3.83
18,4,2018,3.61
18,5,2018,4.13
18,6,2018,3.65
18,7,2018,3.33
18,8,2018,2.94
18,9,2018,2.99
18,10,2018,3.2
18,11,2018,4.39
18,12,2018,4.85
18,1,2019,4.61
18,2,2019,4.95
18,3,2019,4.61
18,4,2019,4.94
18,5,2019,4.22
18,6,2019,4.0
18,7,2019,4.08
18,8,2019,3.82
18,9,2019,3.9
18,10,2019,3.89
18,11,2019,4.66
18,12,2019,4.99
18,1,2020,5.1
18,2,2020,5.62
18,3,2020,5.6
18,4,2020,5.19
18,5,2020,5.09
18,6,2020,5.19
18,7,2020,5.44
18,8,2020,4.96
18,9,2020,5.84
18,10,2020,5.9
18,11,2020,5.86
18,12,2020,6.9
18,1,2021,5.66
18,2,2021,6.18
18,3,2021,6.03
18,4,2021,6.23
18,5,2021,6.29
18,6,2021,5.84
18,7,2021,6.04
18,8,2021,6.21
18,9,2021,6.35
18,10,2021,6.17
18,11,2021,6.81
18,12,2021,6.67
18,1,2022,5.66
18,2,2022,6.68
18,3,2022,6.3
18,4,2022,6.9
18,5,2022,5.98
18,6,2022,5.69
18,7,2022,5.61
18,8,2022,6.27
18,9,2022,6.11
18,10,2022,6.16
18,11,2022,6.0
18,12,2022,6.11
19,1,2013,5.42
19,2,2013,5.61
19,3,2013,5.05
19,4,2013,4.48
19,5,2013,4.41
19,6,2013,4.77
19,7,2013,4.88
19,8,2013,5.01
19,9,2013,4.49
19,10,2013,4.86
19,11,2013,5.45
19,12,2013,4.98
19,1,2014,5.09
19,2,2014,5.76
19,3,2014,4.88
19,4,2014,4.72
19,5,2014,4.58
19,6,2014,4.74
19,7,2014,4.51
19,8,2014,4.18
19,9,2014,4.59
19,10,2014,5.17
19,11,2014,5.16
19,12,2014,5.24
19,1,2015,5.65
19,2,2015,5.53
19,3,2015,5.9
19,4,2015,5.85
19,5,2015,5.02
19,6,2015,5.48
19,7,2015,4.87
19,8,2015,4.87
19,9,2015,4.97
19,10,2015,5.39
19,11,2015,5.28
19,12,2015,6.39
19,1,2016,6.15
19,2,2016,6.56
19,3,2016,6.21
19,4,2016,6.14
19,5,2016,5.52
19,6,2016,5.22
19,7,2016,5.24
19,8,2016,5.33
19,9,2016,6.07
19,10,2016,5.63
19,11,2016,6.3
19,12,2016,6.46
19,1,2017,6.72
19,2,2017,5.9
19,3,2017,6.07
19,4,2017,5.62
19,5,2017,5.92
19,6,2017,5.63
19,7,2017,5.58
19,8,2017,5.91
19,9,2017,5.15
19,10,2017,6.04
19,11,2017,6.35
19,12,2017,6.09
19,1,2018,6.59
19,2,2018,6.2
19,3,2018,6.25
19,4,2018,6.17
19,5,2018,5.5
19,6,2018,5.46
19,7,2018,5.11
19,8,2018,5.3
19,9,2018,5.62
19,10,2018,5.82
19,11,2018,5.63
19,12,2018,6.25
19,1,2019,6.38
19,2,2019,6.76
19,3,2019,5.84
19,4,2019,5.62
19,5,2019,6.12
19,6,2019,5.5
19,7,2019,5.22
19,8,2019,5.32
19,9,2019,5.84
19,10,2019,5.54
19,11,2019,6.2
19,12,2019,5.81
19,1,2020,6.25
19,2,2020,6.16
19,3,2020,5.9
19,4,2020,7.12
19,5,2020,6.08
19,6,2020,6.36
19,7,2020,6.16
19,8,2020,6.74
19,9,2020,7.17
19,10,2020,7.4
19,11,2020,8.17
19,12,2020,8.09
19,1,2021,8.64
19,2,2021,8.59
19,3,2021,8.67
19,4,2021,8.37
19,5,2021,7.93
19,6,2021,7.73
19,7,2021,7.16
19,8,2021,7.53
19,9,2021,8.1
19,10,2021,7.85
19,11,2021,8.22
19,12,2021,8.32
19,1,2022,8.76
19,2,2022,7.91
19,3,2022,8.35
19,4,2022,7.7
19,5,2022,8.07
19,6,2022,7.05
19,7,2022,7.3
19,8,2022,7.3
19,9,2022,7.45
19,10,2022,8.27
19,11,2022,7.98
19,12,2022,8.31
20,1,2013,4.21
20,2,2013,3.28
20,3,2013,3.71
20,4,2013,3.02
20,5,2013,3.51
20,6,2013,3.41
20,7,2013,3.54
20,8,2013,4.4
20,9,2013,4.48
20,10,2013,4.79
20,11,2013,4.94
20,12,2013,4.77
20,1,2014,5.81
20,2,2014,5.22
20,3,2014,4.89
20,4,2014,4.86
20,5,2014,5.68
20,6,2014,6.69
20,7,2014,7.12
20,8,2014,6.93
20,9,2014,7.08
20,10,2014,7.13
20,11,2014,6.94
20,12,2014,6.4
20,1,2015,7.02
20,2,2015,7.41
20,3,2015,6.6
20,4,2015,6.34
20,5,2015,7.06
20,6,2015,6.44
20,7,2015,7.22
20,8,2015,7.7
20,9,2015,6.94
20,10,2015,7.0
20,11,2015,7.06
20,12,2015,6.24
20,1,2016,7.63
20,2,2016,6.85
20,3,2016,6.47
20,4,2016,6.47
20,5,2016,7.34
20,6,2016,7.54
20,7,2016,7.26
20,8,2016,7.48
20,9,2016,7.68
20,10,2016,7.49
20,11,2016,6.78
20,12,2016,6.65
20,1,2017,7.73
20,2,2017,7.32
20,3,2017,6.88
20,4,2017,6.37
20,5,2017,7.21
20,6,2017,7.1
20,7,2017,7.7
20,8,2017,7.71
20,9,2017,7.72
20,10,2017,7.89
20,11,2017,7.24
20,12,2017,7.04
20,1,2018,7.92
20,2,2018,6.76
20,3,2018,6.88
20,4,2018,6.61
20,5,2018,7.22
20,6,2018,7.67
20,7,2018,7.98
20,8,2018,9.05
20,9,2018,8.66
20,10,2018,8.65
20,11,2018,8.04
20,12,2018,8.22
20,1,2019,8.58
20,2,2019,8.12
20,3,2019,7.48
20,4,2019,7.85
20,5,2019,8.21
20,6,2019,8.19
20,7,2019,8.52
20,8,2019,8.26
20,9,2019,8.72
20,10,2019,8.46
20,11,2019,8.29
20,12,2019,8.14
20,1,2020,8.56
20,2,2020,8.1
20,3,2020,8.38
20,4,2020,8.84
20,5,2020,8.76
20,6,2020,8.68
20,7,2020,8.91
20,8,2020,9.54
20,9,2020,9.64
20,10,2020,9.4
20,11,2020,9.51
20,12,2020,8.9
20,1,2021,9.88
20,2,2021,9.54
20,3,2021,9.0
20,4,2021,9.33
20,5,2021,9.38
20,6,2021,9.52
20,7,2021,10.08
20,8,2021,9.74
20,9,2021,9.88
20,10,2021,9.81
20,11,2021,9.79
20,12,2021,9.98
20,1,2022,11.61
20,2,2022,11.3
20,3,2022,10.6
20,4,2022,10.84
20,5,2022,10.47
20,6,2022,11.18
20,7,2022,11.53
20,8,2022,11.37
20,9,2022,11.96
20,10,2022,11.66
20,11,2022,10.97
20,12,2022,10.98
21,1,2013,3.99
21,2,2013,3.95
21,3,2013,3.63
21,4,2013,3.2
21,5,2013,3.39
21,6,2013,3.73
21,7,2013,4.16
21,8,2013,4.34
21,9,2013,3.83
21,10,2013,3.9
21,11,2013,4.03
21,12,2013,4.25
21,1,2014,4.16
21,2,2014,4.32
21,3,2014,4.01
21,4,2014,4.23
21,5,2014,4.31
21,6,2014,4.19
21,7,2014,3.72
21,8,2014,3.88
21,9,2014,3.62
21,10,2014,3.89
21,11,2014,4.18
21,12,2014,4.74
21,1,2015,4.4
21,2,2015,4.17
21,3,2015,3.88
21,4,2015,3.76
21,5,2015,4.36
21,6,2015,3.78
21,7,2015,4.3
21,8,2015,4.1
21,9,2015,3.55
21,10,2015,4.43
21,11,2015,3.87
21,12,2015,4.58
21,1,2016,4.59
21,2,2016,4.31
21,3,2016,3.67
21,4,2016,3.53
21,5,2016,3.82
21,6,2016,3.68
21,7,2016,3.87
21,8,2016,3.63
21,9,2016,3.49
21,10,2016,4.46
21,11,2016,4.54
21,12,2016,4.21
21,1,2017,4.18
21,2,2017,4.55
21,3,2017,3.97
21,4,2017,3.94
21,5,2017,4.08
21,6,2017,4.29
21,7,2017,4.14
21,8,2017,4.19
21,9,2017,4.09
21,10,2017,3.88
21,11,2017,4.03
21,12,2017,3.87
21,1,2018,4.21
21,2,2018,3.75
21,3,2018,3.79
21,4,2018,4.15
21,5,2018,4.0
21,6,2018,3.64
21,7,2018,4.15
21,8,2018,3.94
21,9,2018,3.94
21,10,2018,4.18
21,11,2018,3.86
21,12,2018,3.9
21,1,2019,4.28
21,2,2019,4.45
21,3,2019,4.09
21,4,2019,3.87
21,5,2019,3.76
21,6,2019,3.87
21,7,2019,3.78
21,8,2019,3.43
21,9,2019,4.21
21,10,2019,3.83
21,11,2019,4.0
21,12,2019,4.39
21,1,2020,4.16
21,2,2020,4.32
21,3,2020,4.49
21,4,2020,5.14
21,5,2020,6.62
21,6,2020,5.81
21,7,2020,6.48
21,8,2020,6.02
21,9,2020,6.84
21,10,2020,6.98
21,11,2020,6.18
21,12,2020,7.38
21,1,2021,6.95
21,2,2021,7.7
21,3,2021,7.6
21,4,2021,6.97
21,5,2021,6.77
21,6,2021,7.07
21,7,2021,7.3
21,8,2021,8.01
21,9,2021,7.53
21,10,2021,7.61
21,11,2021,7.48
21,12,2021,8.55
21,1,2022,8.09
21,2,2022,7.72
21,3,2022,7.61
21,4,2022,7.74
21,5,2022,8.14
21,6,2022,7.3
21,7,2022,8.07
21,8,2022,7.4
21,9,2022,7.39
21,10,2022,7.94
21,11,2022,8.11
21,12,2022,8.26
22,1,2013,3.55
22,2,2013,4.0
22,3,2013,3.75
22,4,2013,3.56
22,5,2013,3.54
22,6,2013,2.97
22,7,2013,2.93
22,8,2013,3.75
22,9,2013,3.57
22,10,2013,3.74
22,11,2013,3.49
22,12,2013,3.49
22,1,2014,3.53
22,2,2014,3.46
22,3,2014,4.11
22,4,2014,3.84
22,5,2014,3.7
22,6,2014,3.44
22,7,2014,3.21
22,8,2014,3.12
22,9,2014,3.23
22,10,2014,3.13
22,11,2014,3.11
22,12,2014,3.8
22,1,2015,3.56
22,2,2015,3.77
22,3,2015,3.65
22,4,2015,3.71
22,5,2015,3.2
22,6,2015,3.72
22,7,2015,3.81
22,8,2015,3.35
22,9,2015,3.06
22,10,2015,3.92
22,11,2015,3.78
22,12,2015,4.39
22,1,2016,4.56
22,2,2016,4.48
22,3,2016,4.83
22,4,2016,4.98
22,5,2016,5.09
22,6,2016,5.37
22,7,2016,4.94
22,8,2016,4.47
22,9,2016,4.92
22,10,2016,4.65
22,11,2016,4.38
22,12,2016,5.34
22,1,2017,5.11
22,2,2017,5.07
22,3,2017,5.43
22,4,2017,5.02
22,5,2017,4.82
22,6,2017,5.12
22,7,2017,4.88
22,8,2017,4.26
22,9,2017,4.53
22,10,2017,4.85
22,11,2017,5.01
22,12,2017,5.21
22,1,2018,5.79
22,2,2018,5.59
22,3,2018,5.18
22,4,2018,5.87
22,5,2018,5.47
22,6,2018,4.68
22,7,2018,4.97
22,8,2018,4.92
22,9,2018,5.27
22,10,2018,5.29
22,11,2018,5.49
22,12,2018,5.37
22,1,2019,6.3
22,2,2019,7.32
22,3,2019,7.08
22,4,2019,7.6
22,5,2019,7.54
22,6,2019,7.22
22,7,2019,6.68
22,8,2019,7.37
22,9,2019,6.66
22,10,2019,6.91
22,11,2019,7.55
22,12,2019,7.68
22,1,2020,8.32
22,2,2020,8.28
22,3,2020,8.0
22,4,2020,8.35
22,5,2020,8.02
22,6,2020,9.58
22,7,2020,8.95
22,8,2020,8.83
22,9,2020,8.77
22,10,2020,8.66
22,11,2020,9.27
22,12,2020,8.86
22,1,2021,9.27
22,2,2021,10.0
22,3,2021,9.48
22,4,2021,9.39
22,5,2021,9.22
22,6,2021,8.69
22,7,2021,9.08
22,8,2021,8.75
22,9,2021,8.78
22,10,2021,8.77
22,11,2021,8.91
22,12,2021,9.15
22,1,2022,9.78
22,2,2022,9.97
22,3,2022,9.54
22,4,2022,9.29
22,5,2022,8.81
22,6,2022,9.2
22,7,2022,8.6
22,8,2022,9.23
22,9,2022,9.12
22,10,2022,9.4
22,11,2022,9.38
22,12,2022,9.29
23,1,2013,3.76
23,2,2013,3.78
23,3,2013,3.07
23,4,2013,3.61
23,5,2013,3.29
23,6,2013,2.92
23,7,2013,3.13
23,8,2013,3.57
23,9,2013,2.97
23,10,2013,2.8
23,11,2013,3.17
23,12,2013,3.31
23,1,2014,3.91
23,2,2014,3.53
23,3,2014,3.12
23,4,2014,2.93
23,5,2014,3.18
23,6,2014,3.06
23,7,2014,2.91
23,8,2014,3.35
23,9,2014,2.94
23,10,2014,3.28
23,11,2014,3.65
23,12,2014,3.07
23,1,2015,3.46
23,2,2015,3.32
23,3,2015,3.74
23,4,2015,3.12
23,5,2015,3.5
23,6,2015,3.43
23,7,2015,3.62
23,8,2015,2.96
23,9,2015,3.28
23,10,2015,2.83
23,11,2015,3.72
23,12,2015,3.61
23,1,2016,3.44
23,2,2016,3.84
23,3,2016,3.14
23,4,2016,3.68
23,5,2016,3.26
23,6,2016,2.68
23,7,2016,2.7
23,8,2016,3.56
23,9,2016,3.28
23,10,2016,3.68
23,11,2016,2.92
23,12,2016,3.5
23,1,2017,3.94
23,2,2017,4.71
23,3,2017,3.99
23,4,2017,4.56
23,5,2017,4.49
23,6,2017,3.88
23,7,2017,3.48
23,8,2017,3.57
23,9,2017,4.43
23,10,2017,4.33
23,11,2017,4.0
23,12,2017,4.64
23,1,2018,4.1
23,2,2018,4.77
23,3,2018,3.98
23,4,2018,4.07
23,5,2018,4.05
23,6,2018,3.94
23,7,2018,3.78
23,8,2018,3.8
23,9,2018,3.63
23,10,2018,3.85
23,11,2018,4.24
23,12,2018,4.57
23,1,2019,4.54
23,2,2019,4.68
23,3,2019,4.63
23,4,2019,3.69
23,5,2019,4.51
23,6,2019,3.7
23,7,2019,4.33
23,8,2019,4.2
23,9,2019,4.16
23,10,2019,4.07
23,11,2019,4.38
23,12,2019,4.33
23,1,2020,4.09
23,2,2020,5.15
23,3,2020,5.7
23,4,2020,5.27
23,5,2020,5.48
23,6,2020,6.15
23,7,2020,5.76
23,8,2020,5.81
23,9,2020,7.38
23,10,2020,6.56
23,11,2020,7.04
23,12,2020,7.46
23,1,2021,7.8
23,2,2021,7.13
23,3,2021,6.72
23,4,2021,6.81
23,5,2021,7.26
23,6,2021,7.2
23,7,2021,6.49
23,8,2021,7.24
23,9,2021,6.74
23,10,2021,6.94
23,11,2021,7.27
23,12,2021,6.92
23,1,2022,7.5
23,2,2022,7.0
23,3,2022,6.91
23,4,2022,7.72
23,5,2022,7.94
23,6,2022,7.44
23,7,2022,7.54
23,8,2022,6.94
23,9,2022,6.99
23,10,2022,7.35
23,11,2022,7.83
23,12,2022,7.75
24,1,2013,3.54
24,2,2013,3.68
24,3,2013,3.73
24,4,2013,3.59
24,5,2013,3.67
24,6,2013,4.08
24,7,2013,3.02
24,8,2013,3.74
24,9,2013,3.75
24,10,2013,3.68
24,11,2013,3.68
24,12,2013,3.19
24,1,2014,4.21
24,2,2014,4.29
24,3,2014,4.19
24,4,2014,4.28
24,5,2014,4.16
24,6,2014,3.87
24,7,2014,3.5
24,8,2014,4.18
24,9,2014,3.39
24,10,2014,3.85
24,11,2014,3.23
24,12,2014,3.21
24,1,2015,4.22
24,2,2015,3.9
24,3,2015,3.95
24,4,2015,3.81
24,5,2015,3.76
24,6,2015,3.54
24,7,2015,3.94
24,8,2015,4.11
24,9,2015,3.2
24,10,2015,3.51
24,11,2015,3.3
24,12,2015,3.94
24,1,2016,4.12
24,2,2016,4.75
24,3,2016,4.14
24,4,2016,4.15
24,5,2016,3.82
24,6,2016,4.12
24,7,2016,4.31
24,8,2016,3.79
24,9,2016,3.46
24,10,2016,3.38
24,11,2016,4.19
24,12,2016,3.5
24,1,2017,4.3
24,2,2017,4.21
24,3,2017,5.28
24,4,2017,5.59
24,5,2017,5.13
24,6,2017,5.07
24,7,2017,5.18
24,8,2017,4.9
24,9,2017,4.75
24,10,2017,4.72
24,11,2017,4.89
24,12,2017,4.35
24,1,2018,5.26
24,2,2018,5.5
24,3,2018,5.4
24,4,2018,5.88
24,5,2018,5.57
24,6,2018,5.39
24,7,2018,5.14
24,8,2018,5.12
24,9,2018,5.02
24,10,2018,4.85
24,11,2018,4.91
24,12,2018,5.24
24,1,2019,5.48
24,2,2019,5.46
24,3,2019,5.39
24,4,2019,5.68
24,5,2019,5.21
24,6,2019,5.44
24,7,2019,5.94
24,8,2019,5.57
24,9,2019,6.18
24,10,2019,5.95
24,11,2019,6.18
24,12,2019,5.46
24,1,2020,6.98
24,2,2020,7.44
24,3,2020,7.27
24,4,2020,7.43
24,5,2020,7.21
24,6,2020,6.78
24,7,2020,7.53
24,8,2020,7.5
24,9,2020,7.75
24,10,2020,8.44
24,11,2020,8.4
24,12,2020,8.32
24,1,2021,8.2
24,2,2021,8.96
24,3,2021,8.61
24,4,2021,8.47
24,5,2021,8.25
24,6,2021,8.3
24,7,2021,8.41
24,8,2021,8.02
24,9,2021,8.06
24,10,2021,7.71
24,11,2021,8.25
24,12,2021,7.98
24,1,2022,8.81
24,2,2022,8.26
24,3,2022,8.88
24,4,2022,8.24
24,5,2022,8.42
24,6,2022,7.91
24,7,2022,8.32
24,8,2022,8.31
24,9,2022,7.77
24,10,2022,7.53
24,11,2022,8.35
24,12,2022,7.73
25,1,2013,4.5
25,2,2013,4.73
25,3,2013,4.57
25,4,2013,4.88
25,5,2013,4.64
25,6,2013,5.96
25,7,2013,5.99
25,8,2013,5.44
25,9,2013,5.74
25,10,2013,5.87
25,11,2013,5.98
25,12,2013,5.16
25,1,2014,5.42
25,2,2014,5.11
25,3,2014,5.59
25,4,2014,6.09
25,5,2014,5.85
25,6,2014,6.1
25,7,2014,6.23
25,8,2014,6.13
25,9,2014,5.43
25,10,2014,5.86
25,11,2014,5.44
25,12,2014,6.28
25,1,2015,6.05
25,2,2015,5.73
25,3,2015,6.42
25,4,2015,6.39
25,5,2015,7.19
25,6,2015,6.99
25,7,2015,6.32
25,8,2015,6.51
25,9,2015,6.53
25,10,2015,7.02
25,11,2015,6.38
25,12,2015,6.16
25,1,2016,6.13
25,2,2016,6.33
25,3,2016,6.56
25,4,2016,6.51
25,5,2016,6.59
25,6,2016,6.31
25,7,2016,6.92
25,8,2016,7.13
25,9,2016,6.99
25,10,2016,6.99
25,11,2016,6.46
25,12,2016,6.15
25,1,2017,6.78
25,2,2017,6.76
25,3,2017,7.4
25,4,2017,7.64
25,5,2017,6.93
25,6,2017,7.7
25,7,2017,7.49
25,8,2017,7.36
25,9,2017,7.68
25,10,2017,7.5
25,11,2017,7.12
25,12,2017,6.89
25,1,2018,6.88
25,2,2018,7.15
25,3,2018,7.64
25,4,2018,7.7
25,5,2018,7.07
25,6,2018,7.29
25,7,2018,7.1
25,8,2018,7.54
25,9,2018,7.32
25,10,2018,8.44
25,11,2018,8.02
25,12,2018,8.44
25,1,2019,8.03
25,2,2019,7.85
25,3,2019,8.53
25,4,2019,7.84
25,5,2019,8.76
25,6,2019,7.98
25,7,2019,8.41
25,8,2019,8.26
25,9,2019,8.06
25,10,2019,8.64
25,11,2019,8.1
25,12,2019,7.67
25,1,2020,8.32
25,2,2020,8.27
25,3,2020,8.14
25,4,2020,8.34
25,5,2020,8.72
25,6,2020,8.28
25,7,2020,8.39
25,8,2020,8.13
25,9,2020,8.96
25,10,2020,8.51
25,11,2020,8.24
25,12,2020,9.21
25,1,2021,8.98
25,2,2021,8.85
25,3,2021,9.59
25,4,2021,9.04
25,5,2021,9.56
25,6,2021,9.85
25,7,2021,9.84
25,8,2021,9.5
25,9,2021,9.8
25,10,2021,9.78
25,11,2021,9.34
25,12,2021,9.49
25,1,2022,8.99
25,2,2022,8.8
25,3,2022,9.46
25,4,2022,9.52
25,5,2022,9.08
25,6,2022,9.25
25,7,2022,10.11
25,8,2022,10.52
25,9,2022,10.03
25,10,2022,9.57
25,11,2022,9.56
25,12,2022,9.22
26,1,2013,3.06
26,2,2013,3.04
26,3,2013,2.41
26,4,2013,2.45
26,5,2013,3.32
26,6,2013,2.62
26,7,2013,3.25
26,8,2013,3.69
26,9,2013,3.33
26,10,2013,3.6
26,11,2013,3.03
26,12,2013,2.85
26,1,2014,4.06
26,2,2014,3.98
26,3,2014,3.92
26,4,2014,3.7
26,5,2014,4.21
26,6,2014,3.36
26,7,2014,3.3
26,8,2014,3.82
26,9,2014,3.49
26,10,2014,4.48
26,11,2014,4.07
26,12,2014,4.01
26,1,2015,4.34
26,2,2015,5.13
26,3,2015,5.03
26,4,2015,4.45
26,5,2015,4.87
26,6,2015,4.03
26,7,2015,4.04
26,8,2015,3.97
26,9,2015,3.59
26,10,2015,4.23
26,11,2015,4.55
26,12,2015,3.98
26,1,2016,4.69
26,2,2016,5.53
26,3,2016,4.95
26,4,2016,4.97
26,5,2016,4.37
26,6,2016,4.7
26,7,2016,4.48
26,8,2016,4.23
26,9,2016,4.42
26,10,2016,4.4
26,11,2016,4.0
26,12,2016,4.13
26,1,2017,4.93
26,2,2017,4.56
26,3,2017,4.6
26,4,2017,4.94
26,5,2017,4.5
26,6,2017,4.86
26,7,2017,4.89
26,8,2017,4.84
26,9,2017,5.05
26,10,2017,4.81
26,11,2017,4.41
26,12,2017,4.46
26,1,2018,5.23
26,2,2018,5.16
26,3,2018,5.22
26,4,2018,5.01
26,5,2018,5.5
26,6,2018,5.1
26,7,2018,4.83
26,8,2018,4.51
26,9,2018,5.18
26,10,2018,4.68
26,11,2018,5.03
26,12,2018,4.52
26,1,2019,5.9
26,2,2019,5.9
26,3,2019,5.12
26,4,2019,5.16
26,5,2019,5.18
26,6,2019,4.96
26,7,2019,5.23
26,8,2019,4.5
26,9,2019,4.82
26,10,2019,4.77
26,11,2019,5.33
26,12,2019,4.52
26,1,2020,5.84
26,2,2020,6.0
26,3,2020,5.91
26,4,2020,5.63
26,5,2020,6.51
26,6,2020,5.97
26,7,2020,5.81
26,8,2020,6.25
26,9,2020,6.82
26,10,2020,6.08
26,11,2020,6.74
26,12,2020,6.18
26,1,2021,7.04
26,2,2021,8.42
26,3,2021,9.08
26,4,2021,8.59
26,5,2021,8.73
26,6,2021,8.72
26,7,2021,7.92
26,8,2021,8.51
26,9,2021,7.9
26,10,2021,8.53
26,11,2021,8.53
26,12,2021,7.93
26,1,2022,8.47
26,2,2022,8.56
26,3,2022,8.61
26,4,2022,9.62
26,5,2022,9.03
26,6,2022,9.58
26,7,2022,9.11
26,8,2022,9.53
26,9,2022,9.32
26,10,2022,9.13
26,11,2022,8.73
26,12,2022,8.66
27,1,2013,4.4
27,2,2013,4.5
27,3,2013,4.54
27,4,2013,4.82
27,5,2013,4.1
27,6,2013,4.79
27,7,2013,4.96
27,8,2013,4.43
27,9,2013,4.97
27,10,2013,4.07
27,11,2013,4.97
27,12,2013,4.52
27,1,2014,4.85
27,2,2014,5.18
27,3,2014,5.26
27,4,2014,5.59
27,5,2014,5.5
27,6,2014,5.94
27,7,2014,5.74
27,8,2014,5.31
27,9,2014,5.31
27,10,2014,5.86
27,11,2014,5.65
27,12,2014,5.07
27,1,2015,5.39
27,2,2015,5.48
27,3,2015,5.91
27,4,2015,5.47
27,5,2015,5.46
27,6,2015,6.2
27,7,2015,5.62
27,8,2015,5.8
27,9,2015,5.67
27,10,2015,5.83
27,11,2015,5.29
27,12,2015,5.72
27,1,2016,5.95
27,2,2016,5.41
27,3,2016,6.02
27,4,2016,6.02
27,5,2016,6.0
27,6,2016,5.64
27,7,2016,5.53
27,8,2016,5.54
27,9,2016,5.21
27,10,2016,5.67
27,11,2016,5.28
27,12,2016,5.76
27,1,2017,5.86
27,2,2017,5.49
27,3,2017,6.0
27,4,2017,5.82
27,5,2017,6.06
27,6,2017,5.99
27,7,2017,6.15
27,8,2017,6.81
27,9,2017,6.06
27,10,2017,6.74
27,11,2017,6.18
27,12,2017,6.16
27,1,2018,6.23
27,2,2018,6.76
27,3,2018,6.6
27,4,2018,6.12
27,5,2018,6.49
27,6,2018,6.59
27,7,2018,6.27
27,8,2018,6.86
27,9,2018,6.5
27,10,2018,6.48
27,11,2018,6.1
27,12,2018,6.32
27,1,2019,6.02
27,2,2019,6.46
27,3,2019,6.77
27,4,2019,6.6
27,5,2019,6.67
27,6,2019,6.15
27,7,2019,6.33
27,8,2019,5.87
27,9,2019,6.59
27,10,2019,6.75
27,11,2019,6.66
27,12,2019,7.21
27,1,2020,6.96
27,2,2020,6.8
27,3,2020,7.44
27,4,2020,7.36
27,5,2020,7.22
27,6,2020,7.2
27,7,2020,7.3
27,8,2020,7.53
27,9,2020,7.93
27,10,2020,7.94
27,11,2020,8.55
27,12,2020,8.83
27,1,2021,8.25
27,2,2021,8.1
27,3,2021,8.66
27,4,2021,8.65
27,5,2021,8.32
27,6,2021,8.39
27,7,2021,8.25
27,8,2021,8.68
27,9,2021,8.25
27,10,2021,8.19
27,11,2021,7.97
27,12,2021,8.67
27,1,2022,8.9
27,2,2022,8.3
27,3,2022,8.89
27,4,2022,8.31
27,5,2022,8.94
27,6,2022,8.29
27,7,2022,8.29
27,8,2022,8.96
27,9,2022,8.15
27,10,2022,8.14
27,11,2022,8.38
27,12,2022,8.53
28,1,2013,2.35
28,2,2013,2.36
28,3,2013,2.79
28,4,2013,2.41
28,5,2013,2.96
28,6,2013,2.88
28,7,2013,3.41
28,8,2013,4.21
28,9,2013,3.74
28,10,2013,3.43
28,11,2013,3.14
28,12,2013,3.83
28,1,2014,3.81
28,2,2014,3.83
28,3,2014,3.01
28,4,2014,3.99
28,5,2014,4.01
28,6,2014,4.07
28,7,2014,3.73
28,8,2014,4.25
28,9,2014,3.45
28,10,2014,3.46
28,11,2014,3.65
28,12,2014,3.23
28,1,2015,3.57
28,2,2015,3.49
28,3,2015,3.03
28,4,2015,3.36
28,5,2015,3.79
28,6,2015,4.37
28,7,2015,4.3
28,8,2015,4.13
28,9,2015,3.66
28,10,2015,3.41
28,11,2015,3.4
28,12,2015,3.63
28,1,2016,3.8
28,2,2016,3.48
28,3,2016,3.39
28,4,2016,3.71
28,5,2016,4.21
28,6,2016,4.1
28,7,2016,3.59
28,8,2016,4.47
28,9,2016,3.74
28,10,2016,3.65
28,11,2016,3.51
28,12,2016,3.07
28,1,2017,3.47
28,2,2017,3.25
28,3,2017,3.69
28,4,2017,3.41
28,5,2017,3.8
28,6,2017,4.1
28,7,2017,3.77
28,8,2017,3.53
28,9,2017,3.45
28,10,2017,4.1
28,11,2017,3.34
28,12,2017,3.77
28,1,2018,3.51
28,2,2018,3.52
28,3,2018,3.23
28,4,2018,3.25
28,5,2018,4.18
28,6,2018,3.66
28,7,2018,3.84
28,8,2018,4.16
28,9,2018,4.3
28,10,2018,3.54
28,11,2018,3.95
28,12,2018,3.63
28,1,2019,3.36
28,2,2019,3.71
28,3,2019,4.06
28,4,2019,3.74
28,5,2019,4.49
28,6,2019,4.02
28,7,2019,4.06
28,8,2019,4.36
28,9,2019,3.87
28,10,2019,4.41
28,11,2019,4.3
28,12,2019,4.14
28,1,2020,4.17
28,2,2020,4.68
28,3,2020,4.27
28,4,2020,5.09
28,5,2020,4.32
28,6,2020,6.03
28,7,2020,5.37
28,8,2020,6.04
28,9,2020,5.92
28,10,2020,5.63
28,11,2020,6.23
28,12,2020,6.44
28,1,2021,6.78
28,2,2021,6.37
28,3,2021,6.57
28,4,2021,7.84
28,5,2021,7.51
28,6,2021,8.21
28,7,2021,8.09
28,8,2021,7.24
28,9,2021,8.06
28,10,2021,7.12
28,11,2021,7.76
28,12,2021,7.01
28,1,2022,7.52
28,2,2022,7.15
28,3,2022,6.9
28,4,2022,7.7
28,5,2022,8.08
28,6,2022,8.19
28,7,2022,7.3
28,8,2022,7.98
28,9,2022,7.37
28,10,2022,7.36
28,11,2022,7.33
28,12,2022,7.08
29,1,2013,4.16
29,2,2013,4.62
29,3,2013,3.83
29,4,2013,4.09
29,5,2013,4.28
29,6,2013,4.31
29,7,2013,4.18
29,8,2013,4.35
29,9,2013,4.25
29,10,2013,4.51
29,11,2013,4.07
29,12,2013,4.37
29,1,2014,4.74
29,2,2014,4.28
29,3,2014,4.53
29,4,2014,4.57
29,5,2014,4.61
29,6,2014,4.53
29,7,2014,3.95
29,8,2014,4.32
29,9,2014,4.45
29,10,2014,3.65
29,11,2014,4.47
29,12,2014,4.46
29,1,2015,4.79
29,2,2015,4.45
29,3,2015,4.26
29,4,2015,4.04
29,5,2015,4.15
29,6,2015,4.7
29,7,2015,3.83
29,8,2015,4.22
29,9,2015,3.86
29,10,2015,4.36
29,11,2015,3.97
29,12,2015,3.83
29,1,2016,4.7
29,2,2016,4.24
29,3,2016,4.87
29,4,2016,3.98
29,5,2016,4.65
29,6,2016,5.23
29,7,2016,4.4
29,8,2016,4.95
29,9,2016,4.62
29,10,2016,4.94
29,11,2016,4.73
29,12,2016,4.53
29,1,2017,5.33
29,2,2017,5.04
29,3,2017,5.57
29,4,2017,5.59
29,5,2017,5.23
29,6,2017,5.61
29,7,2017,5.75
29,8,2017,6.16
29,9,2017,5.45
29,10,2017,5.28
29,11,2017,5.49
29,12,2017,5.42
29,1,2018,5.65
29,2,2018,6.26
29,3,2018,5.37
29,4,2018,5.91
29,5,2018,5.84
29,6,2018,5.54
29,7,2018,5.88
29,8,2018,6.07
29,9,2018,5.53
29,10,2018,6.05
29,11,2018,5.8
29,12,2018,5.06
29,1,2019,5.54
29,2,2019,6.55
29,3,2019,6.41
29,4,2019,6.98
29,5,2019,6.72
29,6,2019,7.12
29,7,2019,6.25
29,8,2019,6.97
29,9,2019,7.03
29,10,2019,6.32
29,11,2019,6.53
29,12,2019,6.36
29,1,2020,6.28
29,2,2020,6.4
29,3,2020,6.54
29,4,2020,7.68
29,5,2020,7.68
29,6,2020,7.56
29,7,2020,7.66
29,8,2020,7.23
29,9,2020,7.91
29,10,2020,7.49
29,11,2020,7.23
29,12,2020,7.3
29,1,2021,7.47
29,2,2021,7.53
29,3,2021,7.64
29,4,2021,8.74
29,5,2021,8.5
29,6,2021,8.64
29,7,2021,8.35
29,8,2021,8.34
29,9,2021,8.37
29,10,2021,8.78
29,11,2021,8.91
29,12,2021,8.32
29,1,2022,8.78
29,2,2022,9.16
29,3,2022,9.75
29,4,2022,9.36
29,5,2022,10.14
29,6,2022,9.75
29,7,2022,9.33
29,8,2022,9.53
29,9,2022,9.46
29,10,2022,9.83
29,11,2022,9.66
29,12,2022,9.36
30,1,2013,2.8
30,2,2013,2.94
30,3,2013,2.89
30,4,2013,3.16
30,5,2013,2.96
30,6,2013,3.0
30,7,2013,3.66
30,8,2013,2.94
30,9,2013,3.1
30,10,2013,3.48
30,11,2013,3.02
30,12,2013,3.07
30,1,2014,2.89
30,2,2014,3.34
30,3,2014,3.0
30,4,2014,3.39
30,5,2014,2.71
30,6,2014,3.56
30,7,2014,3.71
30,8,2014,3.35
30,9,2014,2.83
30,10,2014,3.36
30,11,2014,2.9
30,12,2014,3.13
30,1,2015,2.49
30,2,2015,2.83
30,3,2015,2.62
30,4,2015,3.39
30,5,2015,2.92
30,6,2015,3.38
30,7,2015,3.46
30,8,2015,3.81
30,9,2015,3.33
30,10,2015,2.91
30,11,2015,3.0
30,12,2015,3.53
30,1,2016,2.75
30,2,2016,2.88
30,3,2016,3.94
30,4,2016,3.9
30,5,2016,3.57
30,6,2016,4.27
30,7,2016,3.67
30,8,2016,3.84
30,9,2016,4.33
30,10,2016,3.95
30,11,2016,3.68
30,12,2016,3.34
30,1,2017,3.75
30,2,2017,3.53
30,3,2017,3.5
30,4,2017,4.14
30,5,2017,4.09
30,6,2017,4.1
30,7,2017,4.43
30,8,2017,4.34
30,9,2017,4.05
30,10,2017,3.87
30,11,2017,4.19
30,12,2017,4.16
30,1,2018,3.45
30,2,2018,3.45
30,3,2018,3.28
30,4,2018,3.97
30,5,2018,4.22
30,6,2018,3.63
30,7,2018,3.73
30,8,2018,4.33
30,9,2018,4.4
30,10,2018,3.68
30,11,2018,3.63
30,12,2018,3.81
30,1,2019,3.54
30,2,2019,3.63
30,3,2019,3.28
30,4,2019,3.86
30,5,2019,3.65
30,6,2019,3.65
30,7,2019,3.55
30,8,2019,4.12
30,9,2019,3.47
30,10,2019,4.23
30,11,2019,3.93
30,12,2019,3.63
30,1,2020,3.5
30,2,2020,3.83
30,3,2020,4.47
30,4,2020,4.24
30,5,2020,5.59
30,6,2020,5.08
30,7,2020,5.11
30,8,2020,5.06
30,9,2020,5.13
30,10,2020,5.39
30,11,2020,5.57
30,12,2020,5.5
30,1,2021,4.49
30,2,2021,4.83
30,3,2021,4.48
30,4,2021,4.59
30,5,2021,4.98
30,6,2021,5.35
30,7,2021,6.13
30,8,2021,6.03
30,9,2021,6.46
30,10,2021,5.64
30,11,2021,5.9
30,12,2021,5.92
30,1,2022,5.53
30,2,2022,5.92
30,3,2022,5.48
30,4,2022,5.59
30,5,2022,6.32
30,6,2022,6.08
30,7,2022,5.83
30,8,2022,6.39
30,9,2022,5.89
30,10,2022,5.65
30,11,2022,6.21
30,12,2022,6.16
31,1,2013,2.11
31,2,2013,2.8
31,3,2013,1.66
31,4,2013,2.17
31,5,2013,1.87
31,6,2013,1.91
31,7,2013,1.33
31,8,2013,1.63
31,9,2013,1.63
31,10,2013,1.77
31,11,2013,2.13
31,12,2013,2.93
31,1,2014,2.16
31,2,2014,2.46
31,3,2014,2.12
31,4,2014,2.25
31,5,2014,2.32
31,6,2014,1.88
31,7,2014,1.67
31,8,2014,1.96
31,9,2014,1.97
31,10,2014,2.98
31,11,2014,3.2
31,12,2014,3.94
31,1,2015,3.83
31,2,2015,3.51
31,3,2015,3.11
31,4,2015,3.07
31,5,2015,2.35
31,6,2015,2.99
31,7,2015,2.66
31,8,2015,2.59
31,9,2015,3.4
31,10,2015,3.16
31,11,2015,3.78
31,12,2015,5.01
31,1,2016,4.62
31,2,2016,4.69
31,3,2016,4.28
31,4,2016,3.65
31,5,2016,4.01
31,6,2016,3.71
31,7,2016,4.63
31,8,2016,4.23
31,9,2016,4.55
31,10,2016,5.46
31,11,2016,5.17
31,12,2016,4.87
31,1,2017,5.07
31,2,2017,4.72
31,3,2017,4.88
31,4,2017,4.43
31,5,2017,4.74
31,6,2017,4.42
31,7,2017,4.15
31,8,2017,4.14
31,9,2017,4.33
31,10,2017,5.82
31,11,2017,6.25
31,12,2017,6.75
31,1,2018,6.26
31,2,2018,6.54
31,3,2018,5.48
31,4,2018,5.68
31,5,2018,5.64
31,6,2018,4.92
31,7,2018,5.39
31,8,2018,5.79
31,9,2018,6.13
31,10,2018,5.57
31,11,2018,5.89
31,12,2018,6.42
31,1,2019,6.04
31,2,2019,6.58
31,3,2019,6.15
31,4,2019,6.05
31,5,2019,5.33
31,6,2019,5.02
31,7,2019,5.56
31,8,2019,5.47
31,9,2019,6.15
31,10,2019,6.31
31,11,2019,6.57
31,12,2019,6.7
31,1,2020,6.19
31,2,2020,6.58
31,3,2020,5.56
31,4,2020,6.43
31,5,2020,6.91
31,6,2020,6.61
31,7,2020,6.88
31,8,2020,6.59
31,9,2020,7.62
31,10,2020,8.64
31,11,2020,7.99
31,12,2020,8.45
31,1,2021,8.06
31,2,2021,8.34
31,3,2021,7.71
31,4,2021,8.05
31,5,2021,7.49
31,6,2021,7.19
31,7,2021,7.41
31,8,2021,7.88
31,9,2021,7.64
31,10,2021,7.83
31,11,2021,8.4
31,12,2021,8.73
31,1,2022,8.4
31,2,2022,8.63
31,3,2022,8.48
31,4,2022,7.43
31,5,2022,7.95
31,6,2022,7.44
31,7,2022,7.39
31,8,2022,8.09
31,9,2022,8.39
31,10,2022,7.79
31,11,2022,8.19
31,12,2022,8.13
32,1,2013,3.65
32,2,2013,3.45
32,3,2013,2.97
32,4,2013,3.4
32,5,2013,3.99
32,6,2013,3.89
32,7,2013,4.17
32,8,2013,3.51
32,9,2013,2.92
32,10,2013,3.41
32,11,2013,3.09
32,12,2013,3.79
32,1,2014,4.22
32,2,2014,3.34
32,3,2014,3.68
32,4,2014,2.86
32,5,2014,3.35
32,6,2014,4.3
32,7,2014,3.66
32,8,2014,3.34
32,9,2014,3.33
32,10,2014,3.09
32,11,2014,3.19
32,12,2014,3.39
32,1,2015,3.7
32,2,2015,3.59
32,3,2015,2.84
32,4,2015,3.71
32,5,2015,3.69
32,6,2015,3.95
32,7,2015,3.92
32,8,2015,3.21
32,9,2015,2.98
32,10,2015,3.1
32,11,2015,3.12
32,12,2015,4.19
32,1,2016,4.55
32,2,2016,4.26
32,3,2016,3.57
32,4,2016,4.2
32,5,2016,4.28
32,6,2016,4.97
32,7,2016,4.79
32,8,2016,4.47
32,9,2016,3.89
32,10,2016,4.42
32,11,2016,4.31
32,12,2016,4.78
32,1,2017,4.89
32,2,2017,4.64
32,3,2017,3.99
32,4,2017,4.14
32,5,2017,4.43
32,6,2017,4.27
32,7,2017,4.65
32,8,2017,4.15
32,9,2017,4.07
32,10,2017,4.22
32,11,2017,4.53
32,12,2017,4.29
32,1,2018,4.67
32,2,2018,4.91
32,3,2018,5.04
32,4,2018,5.19
32,5,2018,5.09
32,6,2018,5.2
32,7,2018,5.55
32,8,2018,5.25
32,9,2018,5.28
32,10,2018,5.08
32,11,2018,5.31
32,12,2018,5.34
32,1,2019,5.13
32,2,2019,5.09
32,3,2019,4.72
32,4,2019,5.2
32,5,2019,4.81
32,6,2019,5.75
32,7,2019,4.89
32,8,2019,5.15
32,9,2019,4.63
32,10,2019,4.93
32,11,2019,5.69
32,12,2019,5.06
32,1,2020,6.01
32,2,2020,5.65
32,3,2020,5.28
32,4,2020,4.95
32,5,2020,5.67
32,6,2020,6.39
32,7,2020,5.68
32,8,2020,5.52
32,9,2020,5.71
32,10,2020,5.4
32,11,2020,6.05
32,12,2020,5.93
32,1,2021,5.89
32,2,2021,5.68
32,3,2021,6.22
32,4,2021,6.39
32,5,2021,6.68
32,6,2021,6.92
32,7,2021,6.39
32,8,2021,6.27
32,9,2021,5.45
32,10,2021,5.65
32,11,2021,6.34
32,12,2021,6.63
32,1,2022,6.35
32,2,2022,6.28
32,3,2022,5.69
32,4,2022,6.39
32,5,2022,6.06
32,6,2022,6.58
32,7,2022,6.82
32,8,2022,6.26
32,9,2022,5.64
32,10,2022,5.83
32,11,2022,6.7
32,12,2022,6.02
33,1,2013,2.19
33,2,2013,2.3
33,3,2013,2.75
33,4,2013,3.28
33,5,2013,2.68
33,6,2013,2.58
33,7,2013,2.91
33,8,2013,2.44
33,9,2013,2.37
33,10,2013,2.41
33,11,2013,2.96
33,12,2013,3.06
33,1,2014,2.81
33,2,2014,2.5
33,3,2014,2.91
33,4,2014,3.18
33,5,2014,3.16
33,6,2014,3.2
33,7,2014,2.46
33,8,2014,2.59
33,9,2014,2.5
33,10,2014,2.62
33,11,2014,2.59
33,12,2014,3.47
33,1,2015,2.34
33,2,2015,2.68
33,3,2015,3.08
33,4,2015,3.24
33,5,2015,3.47
33,6,2015,3.45
33,7,2015,2.7
33,8,2015,2.08
33,9,2015,2.07
33,10,2015,3.36
33,11,2015,3.69
33,12,2015,3.95
33,1,2016,3.5
33,2,2016,3.15
33,3,2016,3.8
33,4,2016,4.37
33,5,2016,4.53
33,6,2016,4.23
33,7,2016,3.1
33,8,2016,2.87
33,9,2016,3.16
33,10,2016,3.52
33,11,2016,3.84
33,12,2016,4.03
33,1,2017,3.29
33,2,2017,3.87
33,3,2017,3.5
33,4,2017,4.53
33,5,2017,3.7
33,6,2017,3.43
33,7,2017,3.28
33,8,2017,2.95
33,9,2017,3.91
33,10,2017,3.89
33,11,2017,3.82
33,12,2017,4.52
33,1,2018,2.95
33,2,2018,3.63
33,3,2018,4.06
33,4,2018,3.65
33,5,2018,4.06
33,6,2018,3.94
33,7,2018,3.5
33,8,2018,3.22
33,9,2018,3.17
33,10,2018,3.54
33,11,2018,3.96
33,12,2018,4.02
33,1,2019,3.21
33,2,2019,3.63
33,3,2019,3.96
33,4,2019,3.92
33,5,2019,4.16
33,6,2019,4.08
33,7,2019,3.8
33,8,2019,3.58
33,9,2019,3.01
33,10,2019,3.61
33,11,2019,3.92
33,12,2019,4.55
33,1,2020,2.99
33,2,2020,4.37
33,3,2020,5.01
33,4,2020,5.7
33,5,2020,5.5
33,6,2020,5.87
33,7,2020,5.89
33,8,2020,5.36
33,9,2020,5.89
33,10,2020,6.48
33,11,2020,6.73
33,12,2020,6.87
33,1,2021,5.54
33,2,2021,6.04
33,3,2021,6.45
33,4,2021,6.72
33,5,2021,6.47
33,6,2021,6.16
33,7,2021,5.94
33,8,2021,6.12
33,9,2021,5.77
33,10,2021,6.38
33,11,2021,6.85
33,12,2021,6.27
33,1,2022,6.24
33,2,2022,6.19
33,3,2022,6.19
33,4,2022,7.13
33,5,2022,6.68
33,6,2022,6.91
33,7,2022,5.98
33,8,2022,6.36
33,9,2022,5.95
33,10,2022,6.13
33,11,2022,7.09
33,12,2022,7.12
34,1,2013,3.59
34,2,2013,3.67
34,3,2013,4.38
34,4,2013,4.44
34,5,2013,4.3
34,6,2013,4.01
34,7,2013,3.49
34,8,2013,4.16
34,9,2013,3.97
34,10,2013,3.2
34,11,2013,3.41
34,12,2013,2.97
34,1,2014,3.52
34,2,2014,4.41
34,3,2014,4.06
34,4,2014,3.77
34,5,2014,4.14
34,6,2014,4.19
34,7,2014,3.88
34,8,2014,3.89
34,9,2014,4.1
34,10,2014,3.96
34,11,2014,4.64
34,12,2014,3.68
34,1,2015,4.46
34,2,2015,4.62
34,3,2015,4.98
34,4,2015,5.48
34,5,2015,4.53
34,6,2015,5.29
34,7,2015,5.1
34,8,2015,5.1
34,9,2015,4.72
34,10,2015,4.3
34,11,2015,4.1
34,12,2015,4.3
34,1,2016,5.22
34,2,2016,4.82
34,3,2016,4.85
34,4,2016,4.88
34,5,2016,5.2
34,6,2016,4.85
34,7,2016,4.88
34,8,2016,4.87
34,9,2016,4.43
34,10,2016,4.19
34,11,2016,4.16
34,12,2016,4.86
34,1,2017,4.69
34,2,2017,4.86
34,3,2017,5.02
34,4,2017,5.7
34,5,2017,5.05
34,6,2017,5.36
34,7,2017,5.28
34,8,2017,5.33
34,9,2017,4.68
34,10,2017,4.94
34,11,2017,4.73
34,12,2017,4.48
34,1,2018,4.74
34,2,2018,4.99
34,3,2018,4.87
34,4,2018,5.6
34,5,2018,5.01
34,6,2018,5.23
34,7,2018,4.7
34,8,2018,5.33
34,9,2018,5.33
34,10,2018,5.37
34,11,2018,5.35
34,12,2018,5.64
34,1,2019,6.42
34,2,2019,5.92
34,3,2019,6.7
34,4,2019,6.23
34,5,2019,6.13
34,6,2019,6.5
34,7,2019,5.67
34,8,2019,5.99
34,9,2019,6.1
34,10,2019,5.67
34,11,2019,5.84
34,12,2019,5.04
34,1,2020,5.95
34,2,2020,6.41
34,3,2020,7.04
34,4,2020,7.26
34,5,2020,7.15
34,6,2020,6.42
34,7,2020,6.05
34,8,2020,6.89
34,9,2020,6.69
34,10,2020,6.33
34,11,2020,5.58
34,12,2020,6.11
34,1,2021,6.99
34,2,2021,6.91
34,3,2021,6.62
34,4,2021,6.68
34,5,2021,6.38
34,6,2021,6.44
34,7,2021,6.77
34,8,2021,7.3
34,9,2021,6.81
34,10,2021,6.48
34,11,2021,6.31
34,12,2021,6.8
34,1,2022,7.21
34,2,2022,7.01
34,3,2022,7.42
34,4,2022,6.9
34,5,2022,8.05
34,6,2022,8.08
34,7,2022,8.19
34,8,2022,7.23
34,9,2022,7.51
34,10,2022,7.73
34,11,2022,6.74
34,12,2022,7.11
35,1,2013,5.19
35,2,2013,4.45
35,3,2013,4.12
35,4,2013,4.91
35,5,2013,4.61
35,6,2013,4.66
35,7,2013,5.45
35,8,2013,4.51
35,9,2013,4.48
35,10,2013,4.27
35,11,2013,4.39
35,12,2013,5.35
35,1,2014,4.9
35,2,2014,4.67
35,3,2014,4.58
35,4,2014,4.74
35,5,2014,4.67
35,6,2014,4.85
35,7,2014,5.11
35,8,2014,4.12
35,9,2014,4.5
35,10,2014,4.49
35,11,2014,4.61
35,12,2014,5.42
35,1,2015,5.28
35,2,2015,4.6
35,3,2015,4.25
35,4,2015,5.23
35,5,2015,5.55
35,6,2015,5.8
35,7,2015,5.21
35,8,2015,4.69
35,9,2015,4.45
35,10,2015,4.45
35,11,2015,5.34
35,12,2015,4.83
35,1,2016,5.17
35,2,2016,4.56
35,3,2016,4.42
35,4,2016,4.67
35,5,2016,5.46
35,6,2016,5.21
35,7,2016,5.49
35,8,2016,4.58
35,9,2016,4.9
35,10,2016,4.05
35,11,2016,4.92
35,12,2016,5.34
35,1,2017,5.49
35,2,2017,5.12
35,3,2017,4.82
35,4,2017,4.45
35,5,2017,4.84
35,6,2017,5.37
35,7,2017,5.71
35,8,2017,4.8
35,9,2017,4.45
35,10,2017,4.15
35,11,2017,4.52
35,12,2017,4.78
35,1,2018,5.15
35,2,2018,4.32
35,3,2018,4.97
35,4,2018,5.1
35,5,2018,5.53
35,6,2018,6.12
35,7,2018,6.26
35,8,2018,5.55
35,9,2018,5.56
35,10,2018,4.93
35,11,2018,5.09
35,12,2018,6.26
35,1,2019,5.91
35,2,2019,5.15
35,3,2019,5.34
35,4,2019,5.89
35,5,2019,6.02
35,6,2019,6.65
35,7,2019,5.82
35,8,2019,5.63
35,9,2019,5.09
35,10,2019,5.33
35,11,2019,5.71
35,12,2019,7.18
35,1,2020,7.05
35,2,2020,7.34
35,3,2020,6.37
35,4,2020,6.58
35,5,2020,8.16
35,6,2020,8.38
35,7,2020,7.53
35,8,2020,7.43
35,9,2020,6.62
35,10,2020,6.95
35,11,2020,7.51
35,12,2020,7.53
35,1,2021,7.94
35,2,2021,7.04
35,3,2021,6.74
35,4,2021,7.17
35,5,2021,7.66
35,6,2021,7.7
35,7,2021,8.21
35,8,2021,7.52
35,9,2021,7.42
35,10,2021,7.53
35,11,2021,6.94
35,12,2021,7.61
35,1,2022,7.26
35,2,2022,6.98
35,3,2022,7.42
35,4,2022,7.06
35,5,2022,7.35
35,6,2022,8.31
35,7,2022,8.59
35,8,2022,7.67
35,9,2022,8.07
35,10,2022,7.59
35,11,2022,8.1
35,12,2022,9.38
36,1,2013,2.9
36,2,2013,2.66
36,3,2013,2.82
36,4,2013,2.51
36,5,2013,2.88
36,6,2013,2.63
36,7,2013,2.7
36,8,2013,3.36
36,9,2013,2.76
36,10,2013,2.75
36,11,2013,2.9
36,12,2013,3.62
36,1,2014,2.82
36,2,2014,2.7
36,3,2014,2.46
36,4,2014,3.27
36,5,2014,3.19
36,6,2014,2.91
36,7,2014,3.04
36,8,2014,3.06
36,9,2014,3.07
36,10,2014,2.98
36,11,2014,2.83
36,12,2014,4.05
36,1,2015,3.29
36,2,2015,2.8
36,3,2015,3.39
36,4,2015,4.12
36,5,2015,4.51
36,6,2015,4.28
36,7,2015,3.94
36,8,2015,4.5
36,9,2015,4.27
36,10,2015,4.69
36,11,2015,4.94
36,12,2015,4.17
36,1,2016,3.77
36,2,2016,3.83
36,3,2016,3.89
36,4,2016,3.91
36,5,2016,3.57
36,6,2016,4.53
36,7,2016,4.0
36,8,2016,4.01
36,9,2016,3.92
36,10,2016,4.79
36,11,2016,4.25
36,12,2016,5.04
36,1,2017,3.75
36,2,2017,4.15
36,3,2017,4.16
36,4,2017,4.32
36,5,2017,3.58
36,6,2017,3.6
36,7,2017,4.44
36,8,2017,4.06
36,9,2017,4.44
36,10,2017,4.28
36,11,2017,4.59
36,12,2017,4.55
36,1,2018,4.77
36,2,2018,4.5
36,3,2018,4.74
36,4,2018,4.7
36,5,2018,4.25
36,6,2018,4.41
36,7,2018,4.9
36,8,2018,4.88
36,9,2018,4.66
36,10,2018,4.84
36,11,2018,5.32
36,12,2018,6.24
36,1,2019,5.14
36,2,2019,5.65
36,3,2019,6.01
36,4,2019,5.34
36,5,2019,5.95
36,6,2019,5.3
36,7,2019,5.5
36,8,2019,5.61
36,9,2019,6.02
36,10,2019,5.93
36,11,2019,6.33
36,12,2019,5.85
36,1,2020,5.79
36,2,2020,6.49
36,3,2020,6.45
36,4,2020,6.26
36,5,2020,7.06
36,6,2020,7.17
36,7,2020,7.91
36,8,2020,7.3
36,9,2020,7.82
36,10,2020,8.67
36,11,2020,8.16
36,12,2020,8.9
36,1,2021,7.77
36,2,2021,8.2
36,3,2021,8.06
36,4,2021,8.28
36,5,2021,8.14
36,6,2021,8.08
36,7,2021,7.77
36,8,2021,7.84
36,9,2021,8.37
36,10,2021,8.56
36,11,2021,8.71
36,12,2021,8.1
36,1,2022,7.72
36,2,2022,7.85
36,3,2022,7.46
36,4,2022,7.45
36,5,2022,8.12
36,6,2022,8.25
36,7,2022,8.09
36,8,2022,7.66
36,9,2022,7.89
36,10,2022,8.4
36,11,2022,8.84
36,12,2022,8.54
37,1,2013,5.22
37,2,2013,5.8
37,3,2013,5.73
37,4,2013,5.58
37,5,2013,6.09
37,6,2013,5.69
37,7,2013,6.24
37,8,2013,6.09
37,9,2013,5.9
37,10,2013,5.81
37,11,2013,6.25
37,12,2013,6.15
37,1,2014,5.22
37,2,2014,6.01
37,3,2014,5.43
37,4,2014,5.7
37,5,2014,5.87
37,6,2014,5.69
37,7,2014,6.05
37,8,2014,5.88
37,9,2014,5.98
37,10,2014,6.48
37,11,2014,5.76
37,12,2014,6.13
37,1,2015,6.23
37,2,2015,5.42
37,3,2015,5.93
37,4,2015,6.32
37,5,2015,6.22
37,6,2015,6.13
37,7,2015,5.96
37,8,2015,5.89
37,9,2015,5.94
37,10,2015,6.45
37,11,2015,6.4
37,12,2015,6.24
37,1,2016,5.52
37,2,2016,6.04
37,3,2016,6.19
37,4,2016,5.72
37,5,2016,6.02
37,6,2016,6.05
37,7,2016,6.44
37,8,2016,5.76
37,9,2016,6.31
37,10,2016,6.68
37,11,2016,6.61
37,12,2016,6.31
37,1,2017,6.05
37,2,2017,5.4
37,3,2017,6.29
37,4,2017,5.93
37,5,2017,6.23
37,6,2017,6.17
37,7,2017,6.15
37,8,2017,7.13
37,9,2017,6.96
37,10,2017,6.77
37,11,2017,7.29
37,12,2017,6.93
37,1,2018,6.5
37,2,2018,7.18
37,3,2018,6.65
37,4,2018,6.47
37,5,2018,6.63
37,6,2018,6.71
37,7,2018,6.96
37,8,2018,6.97
37,9,2018,7.38
37,10,2018,7.08
37,11,2018,7.57
37,12,2018,7.27
37,1,2019,6.52
37,2,2019,6.19
37,3,2019,6.62
37,4,2019,6.26
37,5,2019,6.86
37,6,2019,6.71
37,7,2019,6.96
37,8,2019,6.54
37,9,2019,7.49
37,10,2019,6.67
37,11,2019,7.39
37,12,2019,6.84
37,1,2020,7.28
37,2,2020,7.0
37,3,2020,7.06
37,4,2020,8.53
37,5,2020,7.86
37,6,2020,8.5
37,7,2020,8.82
37,8,2020,10.02
37,9,2020,10.45
37,10,2020,11.13
37,11,2020,11.06
37,12,2020,12.7
37,1,2021,12.34
37,2,2021,11.51
37,3,2021,11.54
37,4,2021,12.33
37,5,2021,12.01
37,6,2021,12.38
37,7,2021,12.6
37,8,2021,12.02
37,9,2021,11.99
37,10,2021,12.49
37,11,2021,12.41
37,12,2021,12.45
37,1,2022,11.79
37,2,2022,12.27
37,3,2022,13.19
37,4,2022,13.23
37,5,2022,13.76
37,6,2022,13.85
37,7,2022,13.26
37,8,2022,13.63
37,9,2022,14.14
37,10,2022,13.51
37,11,2022,13.63
37,12,2022,13.39
38,1,2013,4.26
38,2,2013,4.0
38,3,2013,4.8
38,4,2013,4.56
38,5,2013,4.91
38,6,2013,5.52
38,7,2013,5.2
38,8,2013,4.96
38,9,2013,4.67
38,10,2013,4.51
38,11,2013,4.56
38,12,2013,4.94
38,1,2014,4.97
38,2,2014,4.94
38,3,2014,3.94
38,4,2014,4.18
38,5,2014,5.11
38,6,2014,4.62
38,7,2014,6.32
38,8,2014,5.97
38,9,2014,5.88
38,10,2014,6.23
38,11,2014,5.54
38,12,2014,5.68
38,1,2015,6.04
38,2,2015,5.59
38,3,2015,5.38
38,4,2015,5.34
38,5,2015,5.78
38,6,2015,6.63
38,7,2015,6.01
38,8,2015,6.09
38,9,2015,5.91
38,10,2015,5.26
38,11,2015,5.79
38,12,2015,6.04
38,1,2016,6.37
38,2,2016,5.26
38,3,2016,5.83
38,4,2016,6.0
38,5,2016,5.92
38,6,2016,6.68
38,7,2016,6.03
38,8,2016,6.31
38,9,2016,6.04
38,10,2016,6.18
38,11,2016,5.6
38,12,2016,5.95
38,1,2017,5.97
38,2,2017,5.53
38,3,2017,5.88
38,4,2017,6.19
38,5,2017,5.69
38,6,2017,6.79
38,7,2017,6.34
38,8,2017,6.68
38,9,2017,6.49
38,10,2017,5.78
38,11,2017,6.04
38,12,2017,5.69
38,1,2018,6.32
38,2,2018,5.72
38,3,2018,6.22
38,4,2018,6.65
38,5,2018,6.46
38,6,2018,6.88
38,7,2018,7.4
38,8,2018,7.09
38,9,2018,7.04
38,10,2018,7.02
38,11,2018,6.48
38,12,2018,6.99
38,1,2019,6.68
38,2,2019,6.55
38,3,2019,6.23
38,4,2019,7.34
38,5,2019,7.14
38,6,2019,8.63
38,7,2019,7.87
38,8,2019,8.46
38,9,2019,7.69
38,10,2019,8.1
38,11,2019,7.62
38,12,2019,7.72
38,1,2020,8.12
38,2,2020,8.01
38,3,2020,8.51
38,4,2020,8.18
38,5,2020,8.36
38,6,2020,9.37
38,7,2020,10.38
38,8,2020,9.83
38,9,2020,10.28
38,10,2020,9.41
38,11,2020,10.18
38,12,2020,10.18
38,1,2021,10.17
38,2,2021,10.17
38,3,2021,9.85
38,4,2021,9.59
38,5,2021,10.54
38,6,2021,10.59
38,7,2021,10.66
38,8,2021,10.63
38,9,2021,10.43
38,10,2021,9.32
38,11,2021,9.62
38,12,2021,10.21
38,1,2022,10.48
38,2,2022,9.34
38,3,2022,9.43
38,4,2022,10.07
38,5,2022,9.83
38,6,2022,10.86
38,7,2022,10.93
38,8,2022,10.55
38,9,2022,9.77
38,10,2022,9.73
38,11,2022,9.2
38,12,2022,9.44
39,1,2013,3.13
39,2,2013,2.99
39,3,2013,3.03
39,4,2013,3.17
39,5,2013,3.97
39,6,2013,3.41
39,7,2013,3.3
39,8,2013,3.69
39,9,2013,3.23
39,10,2013,3.85
39,11,2013,3.47
39,12,2013,3.84
39,1,2014,3.3
39,2,2014,3.66
39,3,2014,3.31
39,4,2014,4.22
39,5,2014,4.04
39,6,2014,3.82
39,7,2014,4.03
39,8,2014,3.64
39,9,2014,3.55
39,10,2014,3.76
39,11,2014,3.53
39,12,2014,3.26
39,1,2015,3.6
39,2,2015,4.15
39,3,2015,3.66
39,4,2015,4.25
39,5,2015,3.99
39,6,2015,3.8
39,7,2015,4.33
39,8,2015,4.53
39,9,2015,4.4
39,10,2015,4.98
39,11,2015,5.24
39,12,2015,4.86
39,1,2016,4.97
39,2,2016,4.88
39,3,2016,4.71
39,4,2016,4.51
39,5,2016,4.92
39,6,2016,4.63
39,7,2016,4.65
39,8,2016,4.89
39,9,2016,4.72
39,10,2016,4.55
39,11,2016,4.54
39,12,2016,4.49
39,1,2017,5.15
39,2,2017,4.85
39,3,2017,5.2
39,4,2017,5.24
39,5,2017,4.79
39,6,2017,5.19
39,7,2017,4.66
39,8,2017,5.3
39,9,2017,5.32
39,10,2017,5.21
39,11,2017,5.4
39,12,2017,4.88
39,1,2018,4.31
39,2,2018,4.58
39,3,2018,5.01
39,4,2018,4.71
39,5,2018,5.03
39,6,2018,4.78
39,7,2018,4.76
39,8,2018,5.0
39,9,2018,4.74
39,10,2018,4.98
39,11,2018,4.9
39,12,2018,5.16
39,1,2019,5.07
39,2,2019,5.0
39,3,2019,5.2
39,4,2019,5.75
39,5,2019,5.41
39,6,2019,5.21
39,7,2019,5.87
39,8,2019,5.62
39,9,2019,5.69
39,10,2019,6.04
39,11,2019,5.79
39,12,2019,6.01
39,1,2020,5.37
39,2,2020,5.92
39,3,2020,5.17
39,4,2020,5.49
39,5,2020,5.64
39,6,2020,6.54
39,7,2020,6.02
39,8,2020,6.15
39,9,2020,5.88
39,10,2020,7.59
39,11,2020,7.56
39,12,2020,7.23
39,1,2021,6.98
39,2,2021,7.52
39,3,2021,7.03
39,4,2021,7.37
39,5,2021,6.86
39,6,2021,7.03
39,7,2021,7.52
39,8,2021,6.81
39,9,2021,7.26
39,10,2021,7.41
39,11,2021,6.97
39,12,2021,6.79
39,1,2022,6.59
39,2,2022,6.89
39,3,2022,7.5
39,4,2022,7.13
39,5,2022,8.37
39,6,2022,8.49
39,7,2022,7.62
39,8,2022,8.42
39,9,2022,8.27
39,10,2022,8.41
39,11,2022,7.69
39,12,2022,8.4
40,1,2013,2.71
40,2,2013,4.69
40,3,2013,4.11
40,4,2013,4.5
40,5,2013,3.5
40,6,2013,3.32
40,7,2013,4.06
40,8,2013,4.36
40,9,2013,4.44
40,10,2013,4.17
40,11,2013,3.66
40,12,2013,3.24
40,1,2014,3.69
40,2,2014,4.17
40,3,2014,4.79
40,4,2014,5.18
40,5,2014,4.17
40,6,2014,3.79
40,7,2014,4.37
40,8,2014,5.06
40,9,2014,4.85
40,10,2014,5.16
40,11,2014,4.31
40,12,2014,4.55
40,1,2015,5.12
40,2,2015,4.97
40,3,2015,5.32
40,4,2015,4.46
40,5,2015,4.91
40,6,2015,5.24
40,7,2015,5.43
40,8,2015,5.27
40,9,2015,5.85
40,10,2015,5.35
40,11,2015,5.07
40,12,2015,4.8
40,1,2016,5.62
40,2,2016,5.86
40,3,2016,5.08
40,4,2016,4.95
40,5,2016,5.46
40,6,2016,4.64
40,7,2016,4.64
40,8,2016,5.59
40,9,2016,6.03
40,10,2016,5.68
40,11,2016,5.76
40,12,2016,5.02
40,1,2017,5.53
40,2,2017,5.89
40,3,2017,5.94
40,4,2017,5.83
40,5,2017,5.31
40,6,2017,4.71
40,7,2017,5.2
40,8,2017,5.77
40,9,2017,5.35
40,10,2017,6.35
40,11,2017,5.38
40,12,2017,5.71
40,1,2018,5.83
40,2,2018,5.73
40,3,2018,6.4
40,4,2018,6.4
40,5,2018,6.64
40,6,2018,6.26
40,7,2018,6.44
40,8,2018,6.6
40,9,2018,7.61
40,10,2018,6.76
40,11,2018,6.55
40,12,2018,6.64
40,1,2019,7.27
40,2,2019,7.42
40,3,2019,7.53
40,4,2019,6.91
40,5,2019,6.42
40,6,2019,6.1
40,7,2019,7.07
40,8,2019,6.6
40,9,2019,6.96
40,10,2019,7.38
40,11,2019,7.36
40,12,2019,6.75
40,1,2020,7.0
40,2,2020,8.5
40,3,2020,7.99
40,4,2020,7.71
40,5,2020,8.12
40,6,2020,8.19
40,7,2020,8.95
40,8,2020,8.38
40,9,2020,9.21
40,10,2020,9.37
40,11,2020,8.46
40,12,2020,8.58
40,1,2021,8.56
40,2,2021,9.23
40,3,2021,9.41
40,4,2021,8.51
40,5,2021,8.94
40,6,2021,8.57
40,7,2021,8.41
40,8,2021,9.14
40,9,2021,9.04
40,10,2021,9.32
40,11,2021,8.66
40,12,2021,8.61
40,1,2022,9.05
40,2,2022,9.38
40,3,2022,8.79
40,4,2022,8.47
40,5,2022,8.15
40,6,2022,8.09
40,7,2022,8.61
40,8,2022,9.2
40,9,2022,9.57
40,10,2022,9.28
40,11,2022,9.02
40,12,2022,8.36
41,1,2013,3.69
41,2,2013,3.64
41,3,2013,3.5
41,4,2013,4.71
41,5,2013,3.97
41,6,2013,4.41
41,7,2013,3.91
41,8,2013,3.87
41,9,2013,3.57
41,10,2013,4.34
41,11,2013,3.8
41,12,2013,4.63
41,1,2014,3.44
41,2,2014,3.31
41,3,2014,4.04
41,4,2014,3.87
41,5,2014,4.66
41,6,2014,3.84
41,7,2014,3.76
41,8,2014,3.85
41,9,2014,3.83
41,10,2014,4.28
41,11,2014,4.34
41,12,2014,4.37
41,1,2015,4.6
41,2,2015,4.64
41,3,2015,5.42
41,4,2015,6.15
41,5,2015,6.21
41,6,2015,5.83
41,7,2015,6.25
41,8,2015,5.64
41,9,2015,5.09
41,10,2015,5.91
41,11,2015,6.32
41,12,2015,6.62
41,1,2016,5.66
41,2,2016,5.57
41,3,2016,5.27
41,4,2016,6.06
41,5,2016,6.22
41,6,2016,6.54
41,7,2016,5.98
41,8,2016,5.89
41,9,2016,5.24
41,10,2016,6.0
41,11,2016,5.81
41,12,2016,6.66
41,1,2017,5.25
41,2,2017,5.34
41,3,2017,6.06
41,4,2017,6.42
41,5,2017,5.77
41,6,2017,6.67
41,7,2017,6.98
41,8,2017,6.5
41,9,2017,6.42
41,10,2017,6.73
41,11,2017,7.4
41,12,2017,7.6
41,1,2018,7.18
41,2,2018,6.72
41,3,2018,6.49
41,4,2018,7.58
41,5,2018,7.24
41,6,2018,6.95
41,7,2018,6.53
41,8,2018,6.9
41,9,2018,6.33
41,10,2018,7.06
41,11,2018,7.11
41,12,2018,7.76
41,1,2019,7.2
41,2,2019,7.16
41,3,2019,7.07
41,4,2019,8.32
41,5,2019,8.32
41,6,2019,8.11
41,7,2019,7.25
41,8,2019,7.76
41,9,2019,7.76
41,10,2019,7.35
41,11,2019,7.72
41,12,2019,8.2
41,1,2020,7.77
41,2,2020,7.77
41,3,2020,8.8
41,4,2020,10.44
41,5,2020,9.92
41,6,2020,9.76
41,7,2020,9.88
41,8,2020,9.38
41,9,2020,9.54
41,10,2020,9.34
41,11,2020,10.95
41,12,2020,11.6
41,1,2021,10.98
41,2,2021,11.06
41,3,2021,10.77
41,4,2021,11.88
41,5,2021,12.03
41,6,2021,11.94
41,7,2021,11.51
41,8,2021,10.97
41,9,2021,10.76
41,10,2021,10.97
41,11,2021,11.39
41,12,2021,12.18
41,1,2022,10.79
41,2,2022,11.33
41,3,2022,11.22
41,4,2022,11.38
41,5,2022,11.54
41,6,2022,11.15
41,7,2022,10.77
41,8,2022,11.3
41,9,2022,10.67
41,10,2022,11.59
41,11,2022,11.77
41,12,2022,11.38
42,1,2013,4.42
42,2,2013,4.65
42,3,2013,4.54
42,4,2013,4.53
42,5,2013,3.79
42,6,2013,4.23
42,7,2013,4.24
42,8,2013,4.2
42,9,2013,4.4
42,10,2013,3.75
42,11,2013,3.4
42,12,2013,4.04
42,1,2014,3.94
42,2,2014,4.56
42,3,2014,4.24
42,4,2014,4.36
42,5,2014,3.96
42,6,2014,3.62
42,7,2014,4.47
42,8,2014,4.39
42,9,2014,3.68
42,10,2014,3.62
42,11,2014,3.89
42,12,2014,3.82
42,1,2015,3.92
42,2,2015,4.81
42,3,2015,4.85
42,4,2015,4.97
42,5,2015,5.28
42,6,2015,5.33
42,7,2015,5.34
42,8,2015,4.9
42,9,2015,5.24
42,10,2015,5.36
42,11,2015,4.87
42,12,2015,5.2
42,1,2016,5.67
42,2,2016,5.26
42,3,2016,5.36
42,4,2016,5.23
42,5,2016,5.04
42,6,2016,4.88
42,7,2016,4.75
42,8,2016,6.17
42,9,2016,6.21
42,10,2016,5.54
42,11,2016,5.42
42,12,2016,6.16
42,1,2017,6.47
42,2,2017,6.28
42,3,2017,5.75
42,4,2017,6.41
42,5,2017,5.69
42,6,2017,6.2
42,7,2017,5.73
42,8,2017,6.37
42,9,2017,5.67
42,10,2017,6.28
42,11,2017,5.42
42,12,2017,6.0
42,1,2018,5.83
42,2,2018,5.82
42,3,2018,6.15
42,4,2018,6.06
42,5,2018,6.45
42,6,2018,6.16
42,7,2018,6.43
42,8,2018,5.97
42,9,2018,6.3
42,10,2018,5.5
42,11,2018,6.07
42,12,2018,5.82
42,1,2019,6.32
42,2,2019,6.35
42,3,2019,6.19
42,4,2019,6.48
42,5,2019,6.68
42,6,2019,6.88
42,7,2019,6.69
42,8,2019,6.66
42,9,2019,6.4
42,10,2019,6.49
42,11,2019,6.88
42,12,2019,6.74
42,1,2020,7.53
42,2,2020,7.46
42,3,2020,7.16
42,4,2020,7.67
42,5,2020,8.09
42,6,2020,8.41
42,7,2020,8.06
42,8,2020,8.43
42,9,2020,8.15
42,10,2020,8.38
42,11,2020,8.32
42,12,2020,9.36
42,1,2021,9.89
42,2,2021,9.9
42,3,2021,10.06
42,4,2021,10.03
42,5,2021,10.0
42,6,2021,9.08
42,7,2021,9.81
42,8,2021,9.01
42,9,2021,9.75
42,10,2021,9.31
42,11,2021,9.03
42,12,2021,9.21
42,1,2022,10.22
42,2,2022,9.28
42,3,2022,9.41
42,4,2022,9.95
42,5,2022,9.86
42,6,2022,9.7
42,7,2022,9.07
42,8,2022,9.6
42,9,2022,9.25
42,10,2022,9.62
42,11,2022,9.55
42,12,2022,9.53
43,1,2013,4.85
43,2,2013,4.51
43,3,2013,4.33
43,4,2013,4.46
43,5,2013,4.58
43,6,2013,4.28
43,7,2013,4.32
43,8,2013,3.93
43,9,2013,3.76
43,10,2013,3.74
43,11,2013,4.71
43,12,2013,4.94
43,1,2014,4.53
43,2,2014,4.36
43,3,2014,4.5
43,4,2014,4.54
43,5,2014,4.82
43,6,2014,4.98
43,7,2014,4.01
43,8,2014,4.23
43,9,2014,3.69
43,10,2014,3.81
43,11,2014,3.93
43,12,2014,4.32
43,1,2015,4.85
43,2,2015,4.25
43,3,2015,5.04
43,4,2015,4.95
43,5,2015,5.21
43,6,2015,4.49
43,7,2015,4.05
43,8,2015,4.22
43,9,2015,4.27
43,10,2015,4.49
43,11,2015,4.62
43,12,2015,4.56
43,1,2016,4.96
43,2,2016,4.91
43,3,2016,4.55
43,4,2016,4.4
43,5,2016,5.13
43,6,2016,4.59
43,7,2016,4.54
43,8,2016,4.03
43,9,2016,4.4
43,10,2016,4.6
43,11,2016,4.16
43,12,2016,4.36
43,1,2017,4.21
43,2,2017,4.6
43,3,2017,4.62
43,4,2017,5.24
43,5,2017,4.49
43,6,2017,4.76
43,7,2017,4.1
43,8,2017,4.37
43,9,2017,3.96
43,10,2017,4.22
43,11,2017,4.25
43,12,2017,4.22
43,1,2018,4.24
43,2,2018,5.07
43,3,2018,5.86
43,4,2018,5.8
43,5,2018,5.2
43,6,2018,5.63
43,7,2018,4.8
43,8,2018,4.97
43,9,2018,5.01
43,10,2018,4.94
43,11,2018,5.46
43,12,2018,5.49
43,1,2019,5.52
43,2,2019,5.38
43,3,2019,5.83
43,4,2019,5.87
43,5,2019,4.98
43,6,2019,5.09
43,7,2019,4.83
43,8,2019,4.88
43,9,2019,5.21
43,10,2019,4.87
43,11,2019,4.59
43,12,2019,5.47
43,1,2020,5.2
43,2,2020,5.03
43,3,2020,5.66
43,4,2020,5.78
43,5,2020,6.27
43,6,2020,5.33
43,7,2020,6.13
43,8,2020,6.49
43,9,2020,6.23
43,10,2020,6.17
43,11,2020,7.45
43,12,2020,7.1
43,1,2021,7.3
43,2,2021,7.71
43,3,2021,7.24
43,4,2021,7.35
43,5,2021,7.18
43,6,2021,7.02
43,7,2021,6.84
43,8,2021,7.22
43,9,2021,7.14
43,10,2021,7.26
43,11,2021,7.53
43,12,2021,7.47
43,1,2022,7.34
43,2,2022,7.58
43,3,2022,7.85
43,4,2022,7.27
43,5,2022,8.16
43,6,2022,8.02
43,7,2022,8.08
43,8,2022,8.39
43,9,2022,8.15
43,10,2022,8.11
43,11,2022,8.21
43,12,2022,8.31
44,1,2013,3.8
44,2,2013,3.35
44,3,2013,4.37
44,4,2013,4.23
44,5,2013,3.75
44,6,2013,3.84
44,7,2013,3.96
44,8,2013,4.05
44,9,2013,3.5
44,10,2013,4.47
44,11,2013,4.3
44,12,2013,3.6
44,1,2014,4.29
44,2,2014,4.86
44,3,2014,4.74
44,4,2014,5.28
44,5,2014,5.29
44,6,2014,4.43
44,7,2014,4.26
44,8,2014,4.91
44,9,2014,4.82
44,10,2014,4.7
44,11,2014,5.45
44,12,2014,5.04
44,1,2015,4.12
44,2,2015,4.27
44,3,2015,4.75
44,4,2015,5.18
44,5,2015,5.66
44,6,2015,5.31
44,7,2015,4.57
44,8,2015,5.26
44,9,2015,5.48
44,10,2015,5.62
44,11,2015,5.73
44,12,2015,6.1
44,1,2016,5.41
44,2,2016,5.8
44,3,2016,5.76
44,4,2016,5.91
44,5,2016,5.6
44,6,2016,5.71
44,7,2016,5.31
44,8,2016,5.79
44,9,2016,5.58
44,10,2016,6.09
44,11,2016,6.28
44,12,2016,5.32
44,1,2017,5.05
44,2,2017,5.43
44,3,2017,5.39
44,4,2017,5.77
44,5,2017,5.71
44,6,2017,5.75
44,7,2017,5.55
44,8,2017,5.0
44,9,2017,5.27
44,10,2017,6.37
44,11,2017,5.79
44,12,2017,5.97
44,1,2018,5.22
44,2,2018,5.75
44,3,2018,6.04
44,4,2018,6.02
44,5,2018,5.95
44,6,2018,5.36
44,7,2018,5.08
44,8,2018,5.0
44,9,2018,6.22
44,10,2018,6.49
44,11,2018,6.23
44,12,2018,6.43
44,1,2019,5.2
44,2,2019,5.82
44,3,2019,5.43
44,4,2019,6.15
44,5,2019,5.62
44,6,2019,5.79
44,7,2019,5.27
44,8,2019,5.71
44,9,2019,5.77
44,10,2019,6.25
44,11,2019,5.91
44,12,2019,5.69
44,1,2020,6.41
44,2,2020,6.5
44,3,2020,6.14
44,4,2020,6.91
44,5,2020,6.88
44,6,2020,6.5
44,7,2020,6.34
44,8,2020,6.94
44,9,2020,7.11
44,10,2020,7.02
44,11,2020,7.72
44,12,2020,6.74
44,1,2021,6.23
44,2,2021,6.42
44,3,2021,6.86
44,4,2021,7.75
44,5,2021,6.9
44,6,2021,6.83
44,7,2021,6.97
44,8,2021,6.81
44,9,2021,6.88
44,10,2021,7.65
44,11,2021,7.27
44,12,2021,6.84
44,1,2022,6.66
44,2,2022,7.28
44,3,2022,6.88
44,4,2022,7.09
44,5,2022,7.76
44,6,2022,7.25
44,7,2022,6.71
44,8,2022,7.0
44,9,2022,7.2
44,10,2022,7.0
44,11,2022,6.98
44,12,2022,7.49
45,1,2013,3.98
45,2,2013,3.05
45,3,2013,3.7
45,4,2013,3.53
45,5,2013,3.24
45,6,2013,2.61
45,7,2013,3.17
45,8,2013,2.52
45,9,2013,3.02
45,10,2013,3.29
45,11,2013,2.67
45,12,2013,3.21
45,1,2014,3.7
45,2,2014,3.07
45,3,2014,3.75
45,4,2014,3.58
45,5,2014,3.12
45,6,2014,2.72
45,7,2014,2.6
45,8,2014,2.89
45,9,2014,2.69
45,10,2014,2.66
45,11,2014,3.21
45,12,2014,3.48
45,1,2015,3.83
45,2,2015,3.55
45,3,2015,3.3
45,4,2015,2.69
45,5,2015,2.62
45,6,2015,2.83
45,7,2015,2.76
45,8,2015,2.45
45,9,2015,2.41
45,10,2015,2.79
45,11,2015,2.86
45,12,2015,3.25
45,1,2016,3.84
45,2,2016,3.07
45,3,2016,2.95
45,4,2016,3.12
45,5,2016,3.09
45,6,2016,2.76
45,7,2016,2.52
45,8,2016,2.77
45,9,2016,2.91
45,10,2016,2.68
45,11,2016,3.21
45,12,2016,3.05
45,1,2017,3.61
45,2,2017,3.14
45,3,2017,3.74
45,4,2017,3.52
45,5,2017,2.62
45,6,2017,2.53
45,7,2017,2.78
45,8,2017,2.28
45,9,2017,2.78
45,10,2017,3.42
45,11,2017,3.16
45,12,2017,3.59
45,1,2018,4.09
45,2,2018,3.18
45,3,2018,3.11
45,4,2018,3.24
45,5,2018,2.5
45,6,2018,2.87
45,7,2018,2.34
45,8,2018,2.56
45,9,2018,2.39
45,10,2018,2.56
45,11,2018,2.77
45,12,2018,3.29
45,1,2019,3.68
45,2,2019,3.59
45,3,2019,3.28
45,4,2019,3.52
45,5,2019,2.67
45,6,2019,3.04
45,7,2019,2.53
45,8,2019,2.54
45,9,2019,2.95
45,10,2019,3.11
45,11,2019,3.06
45,12,2019,4.61
45,1,2020,5.33
45,2,2020,4.95
45,3,2020,4.71
45,4,2020,4.44
45,5,2020,4.38
45,6,2020,4.63
45,7,2020,4.33
45,8,2020,3.83
45,9,2020,4.32
45,10,2020,4.06
45,11,2020,5.77
45,12,2020,5.32
45,1,2021,5.37
45,2,2021,5.84
45,3,2021,5.52
45,4,2021,5.3
45,5,2021,4.91
45,6,2021,4.7
45,7,2021,4.66
45,8,2021,4.84
45,9,2021,4.83
45,10,2021,4.99
45,11,2021,5.52
45,12,2021,5.3
45,1,2022,5.36
45,2,2022,5.39
45,3,2022,5.54
45,4,2022,5.09
45,5,2022,5.36
45,6,2022,4.66
45,7,2022,5.3
45,8,2022,4.83
45,9,2022,4.97
45,10,2022,5.32
45,11,2022,5.33
45,12,2022,5.25
46,1,2013,4.76
46,2,2013,4.18
46,3,2013,4.48
46,4,2013,4.75
46,5,2013,4.8
46,6,2013,5.09
46,7,2013,4.79
46,8,2013,4.46
46,9,2013,4.25
46,10,2013,4.44
46,11,2013,4.39
46,12,2013,4.77
46,1,2014,4.45
46,2,2014,4.33
46,3,2014,4.75
46,4,2014,4.42
46,5,2014,4.2
46,6,2014,5.25
46,7,2014,4.68
46,8,2014,4.67
46,9,2014,4.54
46,10,2014,4.19
46,11,2014,4.76
46,12,2014,4.21
46,1,2015,4.81
46,2,2015,4.23
46,3,2015,4.83
46,4,2015,4.68
46,5,2015,5.04
46,6,2015,4.93
46,7,2015,5.36
46,8,2015,4.53
46,9,2015,4.71
46,10,2015,4.52
46,11,2015,4.24
46,12,2015,4.83
46,1,2016,5.23
46,2,2016,4.81
46,3,2016,4.88
46,4,2016,4.66
46,5,2016,4.54
46,6,2016,4.49
46,7,2016,5.37
46,8,2016,4.72
46,9,2016,5.09
46,10,2016,4.53
46,11,2016,4.87
46,12,2016,4.09
46,1,2017,5.2
46,2,2017,4.42
46,3,2017,4.52
46,4,2017,4.48
46,5,2017,4.81
46,6,2017,4.83
46,7,2017,5.08
46,8,2017,5.2
46,9,2017,4.86
46,10,2017,4.17
46,11,2017,4.77
46,12,2017,4.36
46,1,2018,4.92
46,2,2018,4.92
46,3,2018,4.25
46,4,2018,4.14
46,5,2018,4.45
46,6,2018,4.94
46,7,2018,5.42
46,8,2018,4.72
46,9,2018,4.94
46,10,2018,4.38
46,11,2018,4.84
46,12,2018,4.75
46,1,2019,5.06
46,2,2019,4.99
46,3,2019,4.58
46,4,2019,5.18
46,5,2019,4.55
46,6,2019,5.38
46,7,2019,5.23
46,8,2019,5.3
46,9,2019,5.92
46,10,2019,5.96
46,11,2019,5.64
46,12,2019,5.74
46,1,2020,6.08
46,2,2020,6.0
46,3,2020,6.44
46,4,2020,7.69
46,5,2020,7.73
46,6,2020,7.59
46,7,2020,8.51
46,8,2020,8.56
46,9,2020,9.05
46,10,2020,9.99
46,11,2020,9.84
46,12,2020,10.25
46,1,2021,10.45
46,2,2021,10.58
46,3,2021,9.96
46,4,2021,10.47
46,5,2021,10.85
46,6,2021,11.01
46,7,2021,11.1
46,8,2021,10.55
46,9,2021,10.14
46,10,2021,10.75
46,11,2021,9.88
46,12,2021,10.23
46,1,2022,10.31
46,2,2022,10.72
46,3,2022,10.11
46,4,2022,10.85
46,5,2022,11.32
46,6,2022,12.08
46,7,2022,12.0
46,8,2022,12.29
46,9,2022,11.52
46,10,2022,11.84
46,11,2022,11.09
46,12,2022,11.46
47,1,2013,2.69
47,2,2013,2.74
47,3,2013,3.25
47,4,2013,2.45
47,5,2013,2.73
47,6,2013,2.99
47,7,2013,3.43
47,8,2013,2.69
47,9,2013,3.51
47,10,2013,3.06
47,11,2013,2.85
47,12,2013,3.23
47,1,2014,3.34
47,2,2014,2.99
47,3,2014,3.63
47,4,2014,3.32
47,5,2014,3.55
47,6,2014,3.12
47,7,2014,2.82
47,8,2014,2.6
47,9,2014,3.41
47,10,2014,2.78
47,11,2014,2.91
47,12,2014,2.77
47,1,2015,3.92
47,2,2015,3.48
47,3,2015,3.67
47,4,2015,3.14
47,5,2015,3.77
47,6,2015,3.49
47,7,2015,3.14
47,8,2015,3.84
47,9,2015,3.04
47,10,2015,3.28
47,11,2015,3.46
47,12,2015,4.13
47,1,2016,3.71
47,2,2016,4.06
47,3,2016,3.78
47,4,2016,3.42
47,5,2016,3.41
47,6,2016,3.2
47,7,2016,3.24
47,8,2016,3.56
47,9,2016,3.79
47,10,2016,3.25
47,11,2016,3.47
47,12,2016,3.97
47,1,2017,4.29
47,2,2017,4.17
47,3,2017,3.82
47,4,2017,3.83
47,5,2017,3.51
47,6,2017,3.42
47,7,2017,3.53
47,8,2017,3.75
47,9,2017,3.53
47,10,2017,3.7
47,11,2017,3.51
47,12,2017,3.27
47,1,2018,4.24
47,2,2018,4.1
47,3,2018,3.62
47,4,2018,3.79
47,5,2018,3.9
47,6,2018,3.61
47,7,2018,3.3
47,8,2018,3.09
47,9,2018,3.64
47,10,2018,3.43
47,11,2018,3.97
47,12,2018,3.75
47,1,2019,3.83
47,2,2019,4.05
47,3,2019,3.23
47,4,2019,4.08
47,5,2019,3.64
47,6,2019,3.42
47,7,2019,3.18
47,8,2019,3.64
47,9,2019,3.36
47,10,2019,3.73
47,11,2019,3.47
47,12,2019,3.31
47,1,2020,4.02
47,2,2020,4.02
47,3,2020,3.79
47,4,2020,4.14
47,5,2020,4.08
47,6,2020,5.27
47,7,2020,5.49
47,8,2020,4.98
47,9,2020,5.1
47,10,2020,5.91
47,11,2020,5.81
47,12,2020,5.77
47,1,2021,5.54
47,2,2021,5.52
47,3,2021,5.67
47,4,2021,5.33
47,5,2021,6.0
47,6,2021,5.59
47,7,2021,6.03
47,8,2021,5.72
47,9,2021,5.18
47,10,2021,5.74
47,11,2021,5.64
47,12,2021,6.14
47,1,2022,5.76
47,2,2022,5.55
47,3,2022,5.58
47,4,2022,5.87
47,5,2022,5.48
47,6,2022,5.97
47,7,2022,5.88
47,8,2022,5.75
47,9,2022,5.51
47,10,2022,6.07
47,11,2022,6.04
47,12,2022,6.39
48,1,2013,4.5
48,2,2013,5.58
48,3,2013,6.33
48,4,2013,6.47
48,5,2013,5.81
48,6,2013,6.28
48,7,2013,5.91
48,8,2013,5.99
48,9,2013,6.25
48,10,2013,6.46
48,11,2013,5.88
48,12,2013,6.28
48,1,2014,5.81
48,2,2014,5.43
48,3,2014,6.02
48,4,2014,6.28
48,5,2014,6.1
48,6,2014,5.8
48,7,2014,5.69
48,8,2014,5.36
48,9,2014,5.6
48,10,2014,6.55
48,11,2014,6.73
48,12,2014,6.54
48,1,2015,5.96
48,2,2015,6.15
48,3,2015,7.07
48,4,2015,7.11
48,5,2015,6.91
48,6,2015,6.92
48,7,2015,7.06
48,8,2015,6.81
48,9,2015,6.98
48,10,2015,7.14
48,11,2015,7.68
48,12,2015,7.6
48,1,2016,7.46
48,2,2016,7.44
48,3,2016,7.73
48,4,2016,7.99
48,5,2016,7.68
48,6,2016,7.51
48,7,2016,7.68
48,8,2016,8.06
48,9,2016,7.96
48,10,2016,8.06
48,11,2016,8.35
48,12,2016,7.6
48,1,2017,7.87
48,2,2017,7.75
48,3,2017,7.75
48,4,2017,7.74
48,5,2017,8.28
48,6,2017,7.55
48,7,2017,7.36
48,8,2017,7.23
48,9,2017,7.8
48,10,2017,8.44
48,11,2017,8.42
48,12,2017,7.38
48,1,2018,7.58
48,2,2018,7.75
48,3,2018,9.1
48,4,2018,9.22
48,5,2018,9.18
48,6,2018,8.61
48,7,2018,8.78
48,8,2018,8.42
48,9,2018,8.6
48,10,2018,9.12
48,11,2018,9.09
48,12,2018,9.24
48,1,2019,8.31
48,2,2019,8.32
48,3,2019,8.85
48,4,2019,9.39
48,5,2019,9.49
48,6,2019,9.19
48,7,2019,9.54
48,8,2019,8.91
48,9,2019,9.43
48,10,2019,9.43
48,11,2019,9.64
48,12,2019,9.73
48,1,2020,9.95
48,2,2020,10.38
48,3,2020,10.52
48,4,2020,10.99
48,5,2020,10.85
48,6,2020,10.62
48,7,2020,11.07
48,8,2020,11.38
48,9,2020,11.41
48,10,2020,11.96
48,11,2020,12.55
48,12,2020,11.87
48,1,2021,11.68
48,2,2021,11.61
48,3,2021,12.22
48,4,2021,11.84
48,5,2021,11.72
48,6,2021,11.99
48,7,2021,11.33
48,8,2021,12.08
48,9,2021,12.09
48,10,2021,12.86
48,11,2021,12.56
48,12,2021,12.54
48,1,2022,11.35
48,2,2022,12.45
48,3,2022,12.51
48,4,2022,12.66
48,5,2022,12.45
48,6,2022,12.43
48,7,2022,12.39
48,8,2022,11.61
48,9,2022,12.21
48,10,2022,12.4
48,11,2022,12.47
48,12,2022,12.59
49,1,2013,2.28
49,2,2013,2.18
49,3,2013,1.78
49,4,2013,2.34
49,5,2013,2.17
49,6,2013,2.82
49,7,2013,2.32
49,8,2013,2.41
49,9,2013,1.88
49,10,2013,1.82
49,11,2013,1.99
49,12,2013,2.77
49,1,2014,2.41
49,2,2014,2.39
49,3,2014,2.67
49,4,2014,2.06
49,5,2014,2.23
49,6,2014,3.15
49,7,2014,2.14
49,8,2014,2.15
49,9,2014,2.27
49,10,2014,1.86
49,11,2014,2.36
49,12,2014,2.66
49,1,2015,2.46
49,2,2015,2.15
49,3,2015,2.38
49,4,2015,2.04
49,5,2015,2.82
49,6,2015,2.68
49,7,2015,2.12
49,8,2015,2.78
49,9,2015,2.93
49,10,2015,2.52
49,11,2015,3.09
49,12,2015,2.79
49,1,2016,2.63
49,2,2016,2.5
49,3,2016,2.9
49,4,2016,3.04
49,5,2016,2.67
49,6,2016,2.89
49,7,2016,2.75
49,8,2016,2.51
49,9,2016,2.47
49,10,2016,2.4
49,11,2016,3.05
49,12,2016,3.31
49,1,2017,3.22
49,2,2017,2.51
49,3,2017,2.49
49,4,2017,3.0
49,5,2017,3.22
49,6,2017,3.14
49,7,2017,2.69
49,8,2017,3.19
49,9,2017,2.95
49,10,2017,2.58
49,11,2017,2.61
49,12,2017,3.43
49,1,2018,2.35
49,2,2018,2.21
49,3,2018,2.91
49,4,2018,2.72
49,5,2018,3.02
49,6,2018,2.87
49,7,2018,3.41
49,8,2018,2.48
49,9,2018,3.13
49,10,2018,2.19
49,11,2018,2.68
49,12,2018,3.18
49,1,2019,3.2
49,2,2019,2.74
49,3,2019,2.59
49,4,2019,2.39
49,5,2019,3.7
49,6,2019,3.83
49,7,2019,3.64
49,8,2019,3.3
49,9,2019,2.7
49,10,2019,3.07
49,11,2019,3.71
49,12,2019,3.68
49,1,2020,3.09
49,2,2020,2.8
49,3,2020,3.27
49,4,2020,3.67
49,5,2020,3.34
49,6,2020,3.01
49,7,2020,2.95
49,8,2020,3.22
49,9,2020,4.0
49,10,2020,3.88
49,11,2020,4.37
49,12,2020,5.13
49,1,2021,5.35
49,2,2021,5.14
49,3,2021,4.49
49,4,2021,5.11
49,5,2021,4.67
49,6,2021,5.16
49,7,2021,5.3
49,8,2021,5.32
49,9,2021,4.97
49,10,2021,4.89
49,11,2021,4.94
49,12,2021,5.31
49,1,2022,4.5
49,2,2022,4.79
49,3,2022,5.01
49,4,2022,4.64
49,5,2022,5.45
49,6,2022,5.08
49,7,2022,5.61
49,8,2022,4.64
49,9,2022,4.56
49,10,2022,4.42
49,11,2022,4.42
49,12,2022,5.27
50,1,2013,1.8
50,2,2013,2.5
50,3,2013,2.16
50,4,2013,2.18
50,5,2013,1.84
50,6,2013,2.31
50,7,2013,2.18
50,8,2013,2.63
50,9,2013,2.7
50,10,2013,3.05
50,11,2013,3.02
50,12,2013,2.88
50,1,2014,2.48
50,2,2014,3.44
50,3,2014,2.87
50,4,2014,3.36
50,5,2014,2.93
50,6,2014,3.97
50,7,2014,4.94
50,8,2014,4.95
50,9,2014,4.72
50,10,2014,4.91
50,11,2014,4.38
50,12,2014,4.66
50,1,2015,3.96
50,2,2015,4.0
50,3,2015,3.97
50,4,2015,4.02
50,5,2015,4.22
50,6,2015,4.6
50,7,2015,4.68
50,8,2015,4.19
50,9,2015,4.71
50,10,2015,4.47
50,11,2015,3.98
50,12,2015,4.48
50,1,2016,4.73
50,2,2016,3.91
50,3,2016,4.59
50,4,2016,4.52
50,5,2016,3.95
50,6,2016,4.61
50,7,2016,4.55
50,8,2016,4.98
50,9,2016,4.87
50,10,2016,4.83
50,11,2016,4.45
50,12,2016,4.27
50,1,2017,3.87
50,2,2017,4.05
50,3,2017,4.04
50,4,2017,3.73
50,5,2017,4.09
50,6,2017,4.52
50,7,2017,4.39
50,8,2017,4.13
50,9,2017,4.61
50,10,2017,5.0
50,11,2017,4.53
50,12,2017,4.87
50,1,2018,4.45
50,2,2018,5.12
50,3,2018,4.83
50,4,2018,5.82
50,5,2018,5.04
50,6,2018,5.27
50,7,2018,6.01
50,8,2018,5.79
50,9,2018,5.83
50,10,2018,5.85
50,11,2018,5.08
50,12,2018,5.91
50,1,2019,5.11
50,2,2019,4.9
50,3,2019,5.32
50,4,2019,4.99
50,5,2019,5.67
50,6,2019,5.93
50,7,2019,5.95
50,8,2019,5.65
50,9,2019,6.12
50,10,2019,6.26
50,11,2019,6.27
50,12,2019,6.3
50,1,2020,6.12
50,2,2020,5.83
50,3,2020,5.81
50,4,2020,6.15
50,5,2020,6.36
50,6,2020,7.13
50,7,2020,7.07
50,8,2020,6.9
50,9,2020,6.78
50,10,2020,7.73
50,11,2020,8.12
50,12,2020,7.85
50,1,2021,7.82
50,2,2021,7.47
50,3,2021,7.53
50,4,2021,7.38
50,5,2021,7.67
50,6,2021,7.73
50,7,2021,8.02
50,8,2021,7.97
50,9,2021,8.29
50,10,2021,8.01
50,11,2021,8.14
50,12,2021,7.86
50,1,2022,7.24
50,2,2022,7.66
50,3,2022,7.14
50,4,2022,7.62
50,5,2022,7.76
50,6,2022,7.35
50,7,2022,8.34
50,8,2022,7.59
50,9,2022,9.22
50,10,2022,8.99
50,11,2022,8.93
50,12,2022,8.37
